﻿<?xml version="1.0" encoding="utf-8"?>
<abapGit version="v1.0.0" serializer="LCL_OBJECT_CLAS" serializer_version="v1.0.0">
 <asx:abap xmlns:asx="http://www.sap.com/abapxml" version="1.0">
  <asx:values>
   <VSEOCLASS>
    <CLSNAME>/SWIT/CL_STUDIHUB_ALEX_DPC</CLSNAME>
    <LANGU>D</LANGU>
    <DESCRIPT>Data-Provider-Basiskl.</DESCRIPT>
    <STATE>1</STATE>
    <CLSCCINCL>X</CLSCCINCL>
    <FIXPT>X</FIXPT>
    <UNICODE>X</UNICODE>
   </VSEOCLASS>
   <DESCRIPTIONS>
    <SEOCOMPOTX>
     <CLSNAME>/SWIT/CL_STUDIHUB_ALEX_DPC</CLSNAME>
     <CMPNAME>EVENTSET_CREATE_ENTITY</CMPNAME>
     <LANGU>D</LANGU>
     <DESCRIPT>Zug. EntitätsmengName:  EventSet</DESCRIPT>
    </SEOCOMPOTX>
    <SEOCOMPOTX>
     <CLSNAME>/SWIT/CL_STUDIHUB_ALEX_DPC</CLSNAME>
     <CMPNAME>EVENTSET_DELETE_ENTITY</CMPNAME>
     <LANGU>D</LANGU>
     <DESCRIPT>Zug. EntitätsmengName:  EventSet</DESCRIPT>
    </SEOCOMPOTX>
    <SEOCOMPOTX>
     <CLSNAME>/SWIT/CL_STUDIHUB_ALEX_DPC</CLSNAME>
     <CMPNAME>EVENTSET_GET_ENTITY</CMPNAME>
     <LANGU>D</LANGU>
     <DESCRIPT>Zug. EntitätsmengName:  EventSet</DESCRIPT>
    </SEOCOMPOTX>
    <SEOCOMPOTX>
     <CLSNAME>/SWIT/CL_STUDIHUB_ALEX_DPC</CLSNAME>
     <CMPNAME>EVENTSET_GET_ENTITYSET</CMPNAME>
     <LANGU>D</LANGU>
     <DESCRIPT>Zug. EntitätsmengName:  EventSet</DESCRIPT>
    </SEOCOMPOTX>
    <SEOCOMPOTX>
     <CLSNAME>/SWIT/CL_STUDIHUB_ALEX_DPC</CLSNAME>
     <CMPNAME>EVENTSET_UPDATE_ENTITY</CMPNAME>
     <LANGU>D</LANGU>
     <DESCRIPT>Zug. EntitätsmengName:  EventSet</DESCRIPT>
    </SEOCOMPOTX>
    <SEOCOMPOTX>
     <CLSNAME>/SWIT/CL_STUDIHUB_ALEX_DPC</CLSNAME>
     <CMPNAME>POSTSET_CREATE_ENTITY</CMPNAME>
     <LANGU>D</LANGU>
     <DESCRIPT>Zug. EntitätsmengName:  PostSet</DESCRIPT>
    </SEOCOMPOTX>
    <SEOCOMPOTX>
     <CLSNAME>/SWIT/CL_STUDIHUB_ALEX_DPC</CLSNAME>
     <CMPNAME>POSTSET_DELETE_ENTITY</CMPNAME>
     <LANGU>D</LANGU>
     <DESCRIPT>Zug. EntitätsmengName:  PostSet</DESCRIPT>
    </SEOCOMPOTX>
    <SEOCOMPOTX>
     <CLSNAME>/SWIT/CL_STUDIHUB_ALEX_DPC</CLSNAME>
     <CMPNAME>POSTSET_GET_ENTITY</CMPNAME>
     <LANGU>D</LANGU>
     <DESCRIPT>Zug. EntitätsmengName:  PostSet</DESCRIPT>
    </SEOCOMPOTX>
    <SEOCOMPOTX>
     <CLSNAME>/SWIT/CL_STUDIHUB_ALEX_DPC</CLSNAME>
     <CMPNAME>POSTSET_GET_ENTITYSET</CMPNAME>
     <LANGU>D</LANGU>
     <DESCRIPT>Zug. EntitätsmengName:  PostSet</DESCRIPT>
    </SEOCOMPOTX>
    <SEOCOMPOTX>
     <CLSNAME>/SWIT/CL_STUDIHUB_ALEX_DPC</CLSNAME>
     <CMPNAME>POSTSET_UPDATE_ENTITY</CMPNAME>
     <LANGU>D</LANGU>
     <DESCRIPT>Zug. EntitätsmengName:  PostSet</DESCRIPT>
    </SEOCOMPOTX>
   </DESCRIPTIONS>
  </asx:values>
 </asx:abap>
</abapGit>
