﻿<?xml version="1.0" encoding="utf-8"?>
<abapGit version="v1.0.0" serializer="LCL_OBJECT_CLAS" serializer_version="v1.0.0">
 <asx:abap xmlns:asx="http://www.sap.com/abapxml" version="1.0">
  <asx:values>
   <VSEOCLASS>
    <CLSNAME>/SWIT/CL_DH_ALEXA</CLSNAME>
    <LANGU>D</LANGU>
    <DESCRIPT>Alexa Tool Klasse für Response</DESCRIPT>
    <STATE>1</STATE>
    <CLSCCINCL>X</CLSCCINCL>
    <FIXPT>X</FIXPT>
    <UNICODE>X</UNICODE>
   </VSEOCLASS>
   <DESCRIPTIONS>
    <SEOCOMPOTX>
     <CLSNAME>/SWIT/CL_DH_ALEXA</CLSNAME>
     <CMPNAME>GET_ALL_ACCOMMODATIONS</CMPNAME>
     <LANGU>D</LANGU>
     <DESCRIPT>Holt alle Wohnungen und gibt diese als String zurück</DESCRIPT>
    </SEOCOMPOTX>
    <SEOCOMPOTX>
     <CLSNAME>/SWIT/CL_DH_ALEXA</CLSNAME>
     <CMPNAME>GET_ALL_CAREERS</CMPNAME>
     <LANGU>D</LANGU>
     <DESCRIPT>Holt alle Karriere Angebote und gibt diese als string zurück</DESCRIPT>
    </SEOCOMPOTX>
    <SEOCOMPOTX>
     <CLSNAME>/SWIT/CL_DH_ALEXA</CLSNAME>
     <CMPNAME>GET_ALL_EVENTS</CMPNAME>
     <LANGU>D</LANGU>
     <DESCRIPT>Holt alle Events und gibt diese als String zurück</DESCRIPT>
    </SEOCOMPOTX>
    <SEOCOMPOTX>
     <CLSNAME>/SWIT/CL_DH_ALEXA</CLSNAME>
     <CMPNAME>GET_ALL_JOBS</CMPNAME>
     <LANGU>D</LANGU>
     <DESCRIPT>Holt alle Jobs und gibt diese als String zurück</DESCRIPT>
    </SEOCOMPOTX>
    <SEOCOMPOTX>
     <CLSNAME>/SWIT/CL_DH_ALEXA</CLSNAME>
     <CMPNAME>GET_ALL_OFFERS</CMPNAME>
     <LANGU>D</LANGU>
     <DESCRIPT>Holt alle Offers und gibt diese als String zurück</DESCRIPT>
    </SEOCOMPOTX>
   </DESCRIPTIONS>
  </asx:values>
 </asx:abap>
</abapGit>
