﻿<?xml version="1.0" encoding="utf-8"?>
<abapGit version="v1.0.0" serializer="LCL_OBJECT_IWPR" serializer_version="v1.0.0">
 <asx:abap xmlns:asx="http://www.sap.com/abapxml" version="1.0">
  <asx:values>
   <_-IWBEP_-I_SBD_AT>
    <_-IWBEP_-I_SBD_AT>
     <PROJECT>/SWIT/STUDIHUB_ALEXA</PROJECT>
     <NODE_UUID>AFBWrlbrHuuDrsuL4GFYBA==</NODE_UUID>
     <NODE_UUID_PA>AFBWrlbrHuuDrsRWeDnYBA==</NODE_UUID_PA>
     <PLUGIN_PA>/IWBEP/CORE</PLUGIN_PA>
     <NODE_TYPE_PA>PROJ</NODE_TYPE_PA>
     <NAME>GENERATED_METHODS_RDS</NAME>
     <TYPE>V2_RDS</TYPE>
     <MIME_TYPE>XML</MIME_TYPE>
     <VALUE>PD94bWwgdmVyc2lvbj0iMS4wIiBlbmNvZGluZz0idXRmLTgiPz48YXN4OmFiYXAgdmVyc2lvbj0i
MS4wIiB4bWxuczphc3g9Imh0dHA6Ly93d3cuc2FwLmNvbS9hYmFweG1sIj48YXN4OnZhbHVlcz48
R0VOLz48L2FzeDp2YWx1ZXM+PC9hc3g6YWJhcD4=</VALUE>
    </_-IWBEP_-I_SBD_AT>
   </_-IWBEP_-I_SBD_AT>
   <_-IWBEP_-I_SBD_GA>
    <_-IWBEP_-I_SBD_GA>
     <PROJECT>/SWIT/STUDIHUB_ALEXA</PROJECT>
     <NODE_UUID>AFBWrlbrHuuDrsuL4GG4BA==</NODE_UUID>
     <CREATION_USER_ID>NEXUS</CREATION_USER_ID>
     <CREATION_TIME>20201013170558.49831</CREATION_TIME>
     <LAST_CHG_USER_ID>NEXUS</LAST_CHG_USER_ID>
     <LAST_CHG_TIME>20201020143717.920566</LAST_CHG_TIME>
     <NAME>/SWIT/CL_STUDIHUB_ALEX_MPC</NAME>
     <PGMID>R3TR</PGMID>
     <TROBJ_TYPE>CLAS</TROBJ_TYPE>
     <TROBJ_NAME>/SWIT/CL_STUDIHUB_ALEX_MPC</TROBJ_NAME>
     <GEN_ART_TYPE>MPCB</GEN_ART_TYPE>
    </_-IWBEP_-I_SBD_GA>
    <_-IWBEP_-I_SBD_GA>
     <PROJECT>/SWIT/STUDIHUB_ALEXA</PROJECT>
     <NODE_UUID>AFBWrlbrHuuDrsuL4GHYBA==</NODE_UUID>
     <CREATION_USER_ID>NEXUS</CREATION_USER_ID>
     <CREATION_TIME>20201013170558.498315</CREATION_TIME>
     <LAST_CHG_USER_ID>NEXUS</LAST_CHG_USER_ID>
     <LAST_CHG_TIME>20201020143717.920573</LAST_CHG_TIME>
     <NAME>/SWIT/CL_STUDIHUB_ALEX_MPC_EXT</NAME>
     <PGMID>R3TR</PGMID>
     <TROBJ_TYPE>CLAS</TROBJ_TYPE>
     <TROBJ_NAME>/SWIT/CL_STUDIHUB_ALEX_MPC_EXT</TROBJ_NAME>
     <GEN_ART_TYPE>MPCS</GEN_ART_TYPE>
    </_-IWBEP_-I_SBD_GA>
    <_-IWBEP_-I_SBD_GA>
     <PROJECT>/SWIT/STUDIHUB_ALEXA</PROJECT>
     <NODE_UUID>AFBWrlbrHuuDrsuL4GH4BA==</NODE_UUID>
     <CREATION_USER_ID>NEXUS</CREATION_USER_ID>
     <CREATION_TIME>20201013170600.669337</CREATION_TIME>
     <NAME>/SWIT/CL_STUDIHUB_ALEX_DPC</NAME>
     <PGMID>R3TR</PGMID>
     <TROBJ_TYPE>CLAS</TROBJ_TYPE>
     <TROBJ_NAME>/SWIT/CL_STUDIHUB_ALEX_DPC</TROBJ_NAME>
     <GEN_ART_TYPE>DPCB</GEN_ART_TYPE>
    </_-IWBEP_-I_SBD_GA>
    <_-IWBEP_-I_SBD_GA>
     <PROJECT>/SWIT/STUDIHUB_ALEXA</PROJECT>
     <NODE_UUID>AFBWrlbrHuuDrsuL4GIYBA==</NODE_UUID>
     <CREATION_USER_ID>NEXUS</CREATION_USER_ID>
     <CREATION_TIME>20201013170601.315545</CREATION_TIME>
     <NAME>/SWIT/CL_STUDIHUB_ALEX_DPC_EXT</NAME>
     <PGMID>R3TR</PGMID>
     <TROBJ_TYPE>CLAS</TROBJ_TYPE>
     <TROBJ_NAME>/SWIT/CL_STUDIHUB_ALEX_DPC_EXT</TROBJ_NAME>
     <GEN_ART_TYPE>DPCS</GEN_ART_TYPE>
    </_-IWBEP_-I_SBD_GA>
    <_-IWBEP_-I_SBD_GA>
     <PROJECT>/SWIT/STUDIHUB_ALEXA</PROJECT>
     <NODE_UUID>AFBWrlbrHuuDrsuL4GI4BA==</NODE_UUID>
     <CREATION_USER_ID>NEXUS</CREATION_USER_ID>
     <CREATION_TIME>20201013170601.908868</CREATION_TIME>
     <NAME>/SWIT/STUDIHUB_ALEXA_MDL</NAME>
     <PGMID>R3TR</PGMID>
     <TROBJ_TYPE>IWMO</TROBJ_TYPE>
     <TROBJ_NAME>/SWIT/STUDIHUB_ALEXA_MDL</TROBJ_NAME>
     <GEN_ART_TYPE>MDL</GEN_ART_TYPE>
    </_-IWBEP_-I_SBD_GA>
    <_-IWBEP_-I_SBD_GA>
     <PROJECT>/SWIT/STUDIHUB_ALEXA</PROJECT>
     <NODE_UUID>AFBWrlbrHuuDrsuL4GJYBA==</NODE_UUID>
     <CREATION_USER_ID>NEXUS</CREATION_USER_ID>
     <CREATION_TIME>20201013170601.908873</CREATION_TIME>
     <NAME>/SWIT/STUDIHUB_ALEXA_SRV</NAME>
     <PGMID>R3TR</PGMID>
     <TROBJ_TYPE>IWSV</TROBJ_TYPE>
     <TROBJ_NAME>/SWIT/STUDIHUB_ALEXA_SRV</TROBJ_NAME>
     <GEN_ART_TYPE>SRV</GEN_ART_TYPE>
    </_-IWBEP_-I_SBD_GA>
   </_-IWBEP_-I_SBD_GA>
   <_-IWBEP_-I_SBD_GAT>
    <_-IWBEP_-I_SBD_GAT>
     <SYLANGU>D</SYLANGU>
     <PROJECT>/SWIT/STUDIHUB_ALEXA</PROJECT>
     <NODE_UUID>AFBWrlbrHuuDrsuL4GG4BA==</NODE_UUID>
    </_-IWBEP_-I_SBD_GAT>
    <_-IWBEP_-I_SBD_GAT>
     <SYLANGU>D</SYLANGU>
     <PROJECT>/SWIT/STUDIHUB_ALEXA</PROJECT>
     <NODE_UUID>AFBWrlbrHuuDrsuL4GHYBA==</NODE_UUID>
    </_-IWBEP_-I_SBD_GAT>
    <_-IWBEP_-I_SBD_GAT>
     <SYLANGU>D</SYLANGU>
     <PROJECT>/SWIT/STUDIHUB_ALEXA</PROJECT>
     <NODE_UUID>AFBWrlbrHuuDrsuL4GH4BA==</NODE_UUID>
    </_-IWBEP_-I_SBD_GAT>
    <_-IWBEP_-I_SBD_GAT>
     <SYLANGU>D</SYLANGU>
     <PROJECT>/SWIT/STUDIHUB_ALEXA</PROJECT>
     <NODE_UUID>AFBWrlbrHuuDrsuL4GIYBA==</NODE_UUID>
    </_-IWBEP_-I_SBD_GAT>
    <_-IWBEP_-I_SBD_GAT>
     <SYLANGU>D</SYLANGU>
     <PROJECT>/SWIT/STUDIHUB_ALEXA</PROJECT>
     <NODE_UUID>AFBWrlbrHuuDrsuL4GI4BA==</NODE_UUID>
    </_-IWBEP_-I_SBD_GAT>
    <_-IWBEP_-I_SBD_GAT>
     <SYLANGU>D</SYLANGU>
     <PROJECT>/SWIT/STUDIHUB_ALEXA</PROJECT>
     <NODE_UUID>AFBWrlbrHuuDrsuL4GJYBA==</NODE_UUID>
    </_-IWBEP_-I_SBD_GAT>
   </_-IWBEP_-I_SBD_GAT>
   <_-IWBEP_-I_SBD_MD>
    <_-IWBEP_-I_SBD_MD>
     <PROJECT>/SWIT/STUDIHUB_ALEXA</PROJECT>
     <NODE_UUID>AFBWrlbrHuuDrsRWeDn4BA==</NODE_UUID>
     <NODE_UUID_PA>AFBWrlbrHuuDrsRWeDnYBA==</NODE_UUID_PA>
     <PLUGIN_PA>/IWBEP/CORE</PLUGIN_PA>
     <NODE_TYPE_PA>PROJ</NODE_TYPE_PA>
     <TECHNICAL_NAME>/SWIT/STUDIHUB_ALEXA_MDL</TECHNICAL_NAME>
     <VERSION>0001</VERSION>
     <MPC>/SWIT/CL_STUDIHUB_ALEX_MPC_EXT</MPC>
     <STATE_NS>S</STATE_NS>
     <VALUE_NS>SWIT.STUDIHUB_ALEXA_SRV</VALUE_NS>
    </_-IWBEP_-I_SBD_MD>
   </_-IWBEP_-I_SBD_MD>
   <_-IWBEP_-I_SBD_MDT>
    <_-IWBEP_-I_SBD_MDT>
     <SYLANGU>D</SYLANGU>
     <PROJECT>/SWIT/STUDIHUB_ALEXA</PROJECT>
     <NODE_UUID>AFBWrlbrHuuDrsRWeDn4BA==</NODE_UUID>
    </_-IWBEP_-I_SBD_MDT>
   </_-IWBEP_-I_SBD_MDT>
   <_-IWBEP_-I_SBD_NOI>
    <_-IWBEP_-I_SBD_NOI>
     <PROJECT>/SWIT/STUDIHUB_ALEXA</PROJECT>
     <NODE_UUID>AFBWrlbrHuuDrsRWeDnYBA==</NODE_UUID>
    </_-IWBEP_-I_SBD_NOI>
    <_-IWBEP_-I_SBD_NOI>
     <PROJECT>/SWIT/STUDIHUB_ALEXA</PROJECT>
     <NODE_UUID>AFBWrlbrHuuDrsRWeDn4BA==</NODE_UUID>
    </_-IWBEP_-I_SBD_NOI>
    <_-IWBEP_-I_SBD_NOI>
     <PROJECT>/SWIT/STUDIHUB_ALEXA</PROJECT>
     <NODE_UUID>AFBWrlbrHuuDrsRWeDoYBA==</NODE_UUID>
    </_-IWBEP_-I_SBD_NOI>
    <_-IWBEP_-I_SBD_NOI>
     <PROJECT>/SWIT/STUDIHUB_ALEXA</PROJECT>
     <NODE_UUID>AFBWrlbrHuuDrsXmstw4BA==</NODE_UUID>
    </_-IWBEP_-I_SBD_NOI>
    <_-IWBEP_-I_SBD_NOI>
     <PROJECT>/SWIT/STUDIHUB_ALEXA</PROJECT>
     <NODE_UUID>AFBWrlbrHuuDrsauIjL4BA==</NODE_UUID>
    </_-IWBEP_-I_SBD_NOI>
    <_-IWBEP_-I_SBD_NOI>
     <PROJECT>/SWIT/STUDIHUB_ALEXA</PROJECT>
     <NODE_UUID>AFBWrlbrHuuDrsauIjMYBA==</NODE_UUID>
    </_-IWBEP_-I_SBD_NOI>
    <_-IWBEP_-I_SBD_NOI>
     <PROJECT>/SWIT/STUDIHUB_ALEXA</PROJECT>
     <NODE_UUID>AFBWrlbrHuuDrsauIjM4BA==</NODE_UUID>
    </_-IWBEP_-I_SBD_NOI>
    <_-IWBEP_-I_SBD_NOI>
     <PROJECT>/SWIT/STUDIHUB_ALEXA</PROJECT>
     <NODE_UUID>AFBWrlbrHuuDrsauIjNYBA==</NODE_UUID>
    </_-IWBEP_-I_SBD_NOI>
    <_-IWBEP_-I_SBD_NOI>
     <PROJECT>/SWIT/STUDIHUB_ALEXA</PROJECT>
     <NODE_UUID>AFBWrlbrHuuDrsauIjN4BA==</NODE_UUID>
    </_-IWBEP_-I_SBD_NOI>
    <_-IWBEP_-I_SBD_NOI>
     <PROJECT>/SWIT/STUDIHUB_ALEXA</PROJECT>
     <NODE_UUID>AFBWrlbrHuuDrsauIjOYBA==</NODE_UUID>
    </_-IWBEP_-I_SBD_NOI>
    <_-IWBEP_-I_SBD_NOI>
     <PROJECT>/SWIT/STUDIHUB_ALEXA</PROJECT>
     <NODE_UUID>AFBWrlbrHuuDrsauIjO4BA==</NODE_UUID>
    </_-IWBEP_-I_SBD_NOI>
    <_-IWBEP_-I_SBD_NOI>
     <PROJECT>/SWIT/STUDIHUB_ALEXA</PROJECT>
     <NODE_UUID>AFBWrlbrHuuDrsuL4GFYBA==</NODE_UUID>
    </_-IWBEP_-I_SBD_NOI>
    <_-IWBEP_-I_SBD_NOI>
     <PROJECT>/SWIT/STUDIHUB_ALEXA</PROJECT>
     <NODE_UUID>AFBWrlbrHuuDrsuL4GG4BA==</NODE_UUID>
    </_-IWBEP_-I_SBD_NOI>
    <_-IWBEP_-I_SBD_NOI>
     <PROJECT>/SWIT/STUDIHUB_ALEXA</PROJECT>
     <NODE_UUID>AFBWrlbrHuuDrsuL4GHYBA==</NODE_UUID>
    </_-IWBEP_-I_SBD_NOI>
    <_-IWBEP_-I_SBD_NOI>
     <PROJECT>/SWIT/STUDIHUB_ALEXA</PROJECT>
     <NODE_UUID>AFBWrlbrHuuDrsuL4GH4BA==</NODE_UUID>
    </_-IWBEP_-I_SBD_NOI>
    <_-IWBEP_-I_SBD_NOI>
     <PROJECT>/SWIT/STUDIHUB_ALEXA</PROJECT>
     <NODE_UUID>AFBWrlbrHuuDrsuL4GIYBA==</NODE_UUID>
    </_-IWBEP_-I_SBD_NOI>
    <_-IWBEP_-I_SBD_NOI>
     <PROJECT>/SWIT/STUDIHUB_ALEXA</PROJECT>
     <NODE_UUID>AFBWrlbrHuuDrsuL4GI4BA==</NODE_UUID>
    </_-IWBEP_-I_SBD_NOI>
    <_-IWBEP_-I_SBD_NOI>
     <PROJECT>/SWIT/STUDIHUB_ALEXA</PROJECT>
     <NODE_UUID>AFBWrlbrHuuDrsuL4GJYBA==</NODE_UUID>
    </_-IWBEP_-I_SBD_NOI>
    <_-IWBEP_-I_SBD_NOI>
     <PROJECT>/SWIT/STUDIHUB_ALEXA</PROJECT>
     <NODE_UUID>AFBWrlbrHuuD2i5Fx7jYBA==</NODE_UUID>
    </_-IWBEP_-I_SBD_NOI>
    <_-IWBEP_-I_SBD_NOI>
     <PROJECT>/SWIT/STUDIHUB_ALEXA</PROJECT>
     <NODE_UUID>AFBWrlbrHuuE3CDI+WjYBA==</NODE_UUID>
    </_-IWBEP_-I_SBD_NOI>
    <_-IWBEP_-I_SBD_NOI>
     <PROJECT>/SWIT/STUDIHUB_ALEXA</PROJECT>
     <NODE_UUID>AFBWrlbrHuuE3CuHLrx4BA==</NODE_UUID>
    </_-IWBEP_-I_SBD_NOI>
    <_-IWBEP_-I_SBD_NOI>
     <PROJECT>/SWIT/STUDIHUB_ALEXA</PROJECT>
     <NODE_UUID>AFBWrlbrHuuE3C1rVzC4BA==</NODE_UUID>
    </_-IWBEP_-I_SBD_NOI>
    <_-IWBEP_-I_SBD_NOI>
     <PROJECT>/SWIT/STUDIHUB_ALEXA</PROJECT>
     <NODE_UUID>AFBWrlbrHuuE3C1rVzDYBA==</NODE_UUID>
    </_-IWBEP_-I_SBD_NOI>
    <_-IWBEP_-I_SBD_NOI>
     <PROJECT>/SWIT/STUDIHUB_ALEXA</PROJECT>
     <NODE_UUID>AFBWrlbrHuuE3C1rVzD4BA==</NODE_UUID>
    </_-IWBEP_-I_SBD_NOI>
    <_-IWBEP_-I_SBD_NOI>
     <PROJECT>/SWIT/STUDIHUB_ALEXA</PROJECT>
     <NODE_UUID>AFBWrlbrHuuE3C1rVzEYBA==</NODE_UUID>
    </_-IWBEP_-I_SBD_NOI>
    <_-IWBEP_-I_SBD_NOI>
     <PROJECT>/SWIT/STUDIHUB_ALEXA</PROJECT>
     <NODE_UUID>AFBWrlbrHuuE3C1rVzE4BA==</NODE_UUID>
    </_-IWBEP_-I_SBD_NOI>
    <_-IWBEP_-I_SBD_NOI>
     <PROJECT>/SWIT/STUDIHUB_ALEXA</PROJECT>
     <NODE_UUID>AFBWrlbrHuuE3C1rVzFYBA==</NODE_UUID>
    </_-IWBEP_-I_SBD_NOI>
    <_-IWBEP_-I_SBD_NOI>
     <PROJECT>/SWIT/STUDIHUB_ALEXA</PROJECT>
     <NODE_UUID>AFBWrlbrHuuE3C1rVzF4BA==</NODE_UUID>
    </_-IWBEP_-I_SBD_NOI>
    <_-IWBEP_-I_SBD_NOI>
     <PROJECT>/SWIT/STUDIHUB_ALEXA</PROJECT>
     <NODE_UUID>AFBWrlbrHuuE3DD+BvO4BA==</NODE_UUID>
    </_-IWBEP_-I_SBD_NOI>
    <_-IWBEP_-I_SBD_NOI>
     <PROJECT>/SWIT/STUDIHUB_ALEXA</PROJECT>
     <NODE_UUID>AFBWrlbrHuuE3DQAJjB4BA==</NODE_UUID>
    </_-IWBEP_-I_SBD_NOI>
   </_-IWBEP_-I_SBD_NOI>
   <_-IWBEP_-I_SBD_OP>
    <_-IWBEP_-I_SBD_OP>
     <PROJECT>/SWIT/STUDIHUB_ALEXA</PROJECT>
     <NODE_UUID>AFBWrlbrHuuDrsauIjM4BA==</NODE_UUID>
     <PARENT_UUID>AFBWrlbrHuuDrsauIjMYBA==</PARENT_UUID>
     <NAME>Create</NAME>
     <OPERATION_TYPE>C</OPERATION_TYPE>
     <IMP_METHOD>EVENTSET_CREATE_ENTITY</IMP_METHOD>
    </_-IWBEP_-I_SBD_OP>
    <_-IWBEP_-I_SBD_OP>
     <PROJECT>/SWIT/STUDIHUB_ALEXA</PROJECT>
     <NODE_UUID>AFBWrlbrHuuDrsauIjNYBA==</NODE_UUID>
     <PARENT_UUID>AFBWrlbrHuuDrsauIjMYBA==</PARENT_UUID>
     <NAME>GetEntity (Read)</NAME>
     <OPERATION_TYPE>R</OPERATION_TYPE>
     <IMP_METHOD>EVENTSET_GET_ENTITY</IMP_METHOD>
    </_-IWBEP_-I_SBD_OP>
    <_-IWBEP_-I_SBD_OP>
     <PROJECT>/SWIT/STUDIHUB_ALEXA</PROJECT>
     <NODE_UUID>AFBWrlbrHuuDrsauIjN4BA==</NODE_UUID>
     <PARENT_UUID>AFBWrlbrHuuDrsauIjMYBA==</PARENT_UUID>
     <NAME>Update</NAME>
     <OPERATION_TYPE>U</OPERATION_TYPE>
     <IMP_METHOD>EVENTSET_UPDATE_ENTITY</IMP_METHOD>
    </_-IWBEP_-I_SBD_OP>
    <_-IWBEP_-I_SBD_OP>
     <PROJECT>/SWIT/STUDIHUB_ALEXA</PROJECT>
     <NODE_UUID>AFBWrlbrHuuDrsauIjOYBA==</NODE_UUID>
     <PARENT_UUID>AFBWrlbrHuuDrsauIjMYBA==</PARENT_UUID>
     <NAME>Delete</NAME>
     <OPERATION_TYPE>D</OPERATION_TYPE>
     <IMP_METHOD>EVENTSET_DELETE_ENTITY</IMP_METHOD>
    </_-IWBEP_-I_SBD_OP>
    <_-IWBEP_-I_SBD_OP>
     <PROJECT>/SWIT/STUDIHUB_ALEXA</PROJECT>
     <NODE_UUID>AFBWrlbrHuuDrsauIjO4BA==</NODE_UUID>
     <PARENT_UUID>AFBWrlbrHuuDrsauIjMYBA==</PARENT_UUID>
     <NAME>GetEntitySet (Query)</NAME>
     <OPERATION_TYPE>Q</OPERATION_TYPE>
     <IMP_METHOD>EVENTSET_GET_ENTITYSET</IMP_METHOD>
    </_-IWBEP_-I_SBD_OP>
    <_-IWBEP_-I_SBD_OP>
     <PROJECT>/SWIT/STUDIHUB_ALEXA</PROJECT>
     <NODE_UUID>AFBWrlbrHuuE3C1rVzD4BA==</NODE_UUID>
     <PARENT_UUID>AFBWrlbrHuuE3C1rVzDYBA==</PARENT_UUID>
     <NAME>Create</NAME>
     <OPERATION_TYPE>C</OPERATION_TYPE>
     <IMP_METHOD>POSTSET_CREATE_ENTITY</IMP_METHOD>
    </_-IWBEP_-I_SBD_OP>
    <_-IWBEP_-I_SBD_OP>
     <PROJECT>/SWIT/STUDIHUB_ALEXA</PROJECT>
     <NODE_UUID>AFBWrlbrHuuE3C1rVzEYBA==</NODE_UUID>
     <PARENT_UUID>AFBWrlbrHuuE3C1rVzDYBA==</PARENT_UUID>
     <NAME>GetEntity (Read)</NAME>
     <OPERATION_TYPE>R</OPERATION_TYPE>
     <IMP_METHOD>POSTSET_GET_ENTITY</IMP_METHOD>
    </_-IWBEP_-I_SBD_OP>
    <_-IWBEP_-I_SBD_OP>
     <PROJECT>/SWIT/STUDIHUB_ALEXA</PROJECT>
     <NODE_UUID>AFBWrlbrHuuE3C1rVzE4BA==</NODE_UUID>
     <PARENT_UUID>AFBWrlbrHuuE3C1rVzDYBA==</PARENT_UUID>
     <NAME>Update</NAME>
     <OPERATION_TYPE>U</OPERATION_TYPE>
     <IMP_METHOD>POSTSET_UPDATE_ENTITY</IMP_METHOD>
    </_-IWBEP_-I_SBD_OP>
    <_-IWBEP_-I_SBD_OP>
     <PROJECT>/SWIT/STUDIHUB_ALEXA</PROJECT>
     <NODE_UUID>AFBWrlbrHuuE3C1rVzFYBA==</NODE_UUID>
     <PARENT_UUID>AFBWrlbrHuuE3C1rVzDYBA==</PARENT_UUID>
     <NAME>Delete</NAME>
     <OPERATION_TYPE>D</OPERATION_TYPE>
     <IMP_METHOD>POSTSET_DELETE_ENTITY</IMP_METHOD>
    </_-IWBEP_-I_SBD_OP>
    <_-IWBEP_-I_SBD_OP>
     <PROJECT>/SWIT/STUDIHUB_ALEXA</PROJECT>
     <NODE_UUID>AFBWrlbrHuuE3C1rVzF4BA==</NODE_UUID>
     <PARENT_UUID>AFBWrlbrHuuE3C1rVzDYBA==</PARENT_UUID>
     <NAME>GetEntitySet (Query)</NAME>
     <OPERATION_TYPE>Q</OPERATION_TYPE>
     <IMP_METHOD>POSTSET_GET_ENTITYSET</IMP_METHOD>
    </_-IWBEP_-I_SBD_OP>
   </_-IWBEP_-I_SBD_OP>
   <_-IWBEP_-I_SBD_OPT>
    <_-IWBEP_-I_SBD_OPT>
     <SYLANGU>D</SYLANGU>
     <PROJECT>/SWIT/STUDIHUB_ALEXA</PROJECT>
     <NODE_UUID>AFBWrlbrHuuDrsauIjM4BA==</NODE_UUID>
    </_-IWBEP_-I_SBD_OPT>
    <_-IWBEP_-I_SBD_OPT>
     <SYLANGU>D</SYLANGU>
     <PROJECT>/SWIT/STUDIHUB_ALEXA</PROJECT>
     <NODE_UUID>AFBWrlbrHuuDrsauIjNYBA==</NODE_UUID>
    </_-IWBEP_-I_SBD_OPT>
    <_-IWBEP_-I_SBD_OPT>
     <SYLANGU>D</SYLANGU>
     <PROJECT>/SWIT/STUDIHUB_ALEXA</PROJECT>
     <NODE_UUID>AFBWrlbrHuuDrsauIjN4BA==</NODE_UUID>
    </_-IWBEP_-I_SBD_OPT>
    <_-IWBEP_-I_SBD_OPT>
     <SYLANGU>D</SYLANGU>
     <PROJECT>/SWIT/STUDIHUB_ALEXA</PROJECT>
     <NODE_UUID>AFBWrlbrHuuDrsauIjOYBA==</NODE_UUID>
    </_-IWBEP_-I_SBD_OPT>
    <_-IWBEP_-I_SBD_OPT>
     <SYLANGU>D</SYLANGU>
     <PROJECT>/SWIT/STUDIHUB_ALEXA</PROJECT>
     <NODE_UUID>AFBWrlbrHuuDrsauIjO4BA==</NODE_UUID>
    </_-IWBEP_-I_SBD_OPT>
    <_-IWBEP_-I_SBD_OPT>
     <SYLANGU>D</SYLANGU>
     <PROJECT>/SWIT/STUDIHUB_ALEXA</PROJECT>
     <NODE_UUID>AFBWrlbrHuuE3C1rVzD4BA==</NODE_UUID>
    </_-IWBEP_-I_SBD_OPT>
    <_-IWBEP_-I_SBD_OPT>
     <SYLANGU>D</SYLANGU>
     <PROJECT>/SWIT/STUDIHUB_ALEXA</PROJECT>
     <NODE_UUID>AFBWrlbrHuuE3C1rVzEYBA==</NODE_UUID>
    </_-IWBEP_-I_SBD_OPT>
    <_-IWBEP_-I_SBD_OPT>
     <SYLANGU>D</SYLANGU>
     <PROJECT>/SWIT/STUDIHUB_ALEXA</PROJECT>
     <NODE_UUID>AFBWrlbrHuuE3C1rVzE4BA==</NODE_UUID>
    </_-IWBEP_-I_SBD_OPT>
    <_-IWBEP_-I_SBD_OPT>
     <SYLANGU>D</SYLANGU>
     <PROJECT>/SWIT/STUDIHUB_ALEXA</PROJECT>
     <NODE_UUID>AFBWrlbrHuuE3C1rVzFYBA==</NODE_UUID>
    </_-IWBEP_-I_SBD_OPT>
    <_-IWBEP_-I_SBD_OPT>
     <SYLANGU>D</SYLANGU>
     <PROJECT>/SWIT/STUDIHUB_ALEXA</PROJECT>
     <NODE_UUID>AFBWrlbrHuuE3C1rVzF4BA==</NODE_UUID>
    </_-IWBEP_-I_SBD_OPT>
   </_-IWBEP_-I_SBD_OPT>
   <_-IWBEP_-I_SBD_PR>
    <_-IWBEP_-I_SBD_PR>
     <PROJECT>/SWIT/STUDIHUB_ALEXA</PROJECT>
     <NODE_UUID>AFBWrlbrHuuDrsRWeDnYBA==</NODE_UUID>
     <CREATION_USER_ID>NEXUS</CREATION_USER_ID>
     <CREATION_TIME>20201013170426.707622</CREATION_TIME>
     <LAST_CHG_USER_ID>NEXUS</LAST_CHG_USER_ID>
     <LAST_CHG_TIME>20201020143720.118442</LAST_CHG_TIME>
     <LAST_CHG_STATE>AFBWrlbrHuuE3DfODjc4BA==</LAST_CHG_STATE>
     <PLUGIN>/IWBEP/GEN</PLUGIN>
     <STRAT_NAME>0001</STRAT_NAME>
     <STRAT_VERSION>0001</STRAT_VERSION>
     <PROJECT_TYPE>1</PROJECT_TYPE>
    </_-IWBEP_-I_SBD_PR>
   </_-IWBEP_-I_SBD_PR>
   <_-IWBEP_-I_SBD_PRT>
    <_-IWBEP_-I_SBD_PRT>
     <PROJECT>/SWIT/STUDIHUB_ALEXA</PROJECT>
     <SYLANGU>D</SYLANGU>
     <DESCRIPTION>Alexa Service - StudiHub</DESCRIPTION>
    </_-IWBEP_-I_SBD_PRT>
   </_-IWBEP_-I_SBD_PRT>
   <_-IWBEP_-I_SBD_SE>
    <_-IWBEP_-I_SBD_SE>
     <PROJECT>/SWIT/STUDIHUB_ALEXA</PROJECT>
     <NODE_UUID>AFBWrlbrHuuDrsauIjMYBA==</NODE_UUID>
     <PARENT_UUID>AFBWrlbrHuuDrsRWeDoYBA==</PARENT_UUID>
     <NAME>EventSet</NAME>
     <ENTITY_SET_UUID>AFBWrlbrHuuDrsauIjL4BA==</ENTITY_SET_UUID>
    </_-IWBEP_-I_SBD_SE>
    <_-IWBEP_-I_SBD_SE>
     <PROJECT>/SWIT/STUDIHUB_ALEXA</PROJECT>
     <NODE_UUID>AFBWrlbrHuuE3C1rVzDYBA==</NODE_UUID>
     <PARENT_UUID>AFBWrlbrHuuDrsRWeDoYBA==</PARENT_UUID>
     <NAME>PostSet</NAME>
     <ENTITY_SET_UUID>AFBWrlbrHuuE3C1rVzC4BA==</ENTITY_SET_UUID>
    </_-IWBEP_-I_SBD_SE>
   </_-IWBEP_-I_SBD_SE>
   <_-IWBEP_-I_SBD_SET>
    <_-IWBEP_-I_SBD_SET>
     <SYLANGU>D</SYLANGU>
     <PROJECT>/SWIT/STUDIHUB_ALEXA</PROJECT>
     <NODE_UUID>AFBWrlbrHuuDrsauIjMYBA==</NODE_UUID>
    </_-IWBEP_-I_SBD_SET>
    <_-IWBEP_-I_SBD_SET>
     <SYLANGU>D</SYLANGU>
     <PROJECT>/SWIT/STUDIHUB_ALEXA</PROJECT>
     <NODE_UUID>AFBWrlbrHuuE3C1rVzDYBA==</NODE_UUID>
    </_-IWBEP_-I_SBD_SET>
   </_-IWBEP_-I_SBD_SET>
   <_-IWBEP_-I_SBD_SV>
    <_-IWBEP_-I_SBD_SV>
     <PROJECT>/SWIT/STUDIHUB_ALEXA</PROJECT>
     <NODE_UUID>AFBWrlbrHuuDrsRWeDoYBA==</NODE_UUID>
     <TECHNICAL_NAME>/SWIT/STUDIHUB_ALEXA_SRV</TECHNICAL_NAME>
     <VERSION>0001</VERSION>
     <DPC>/SWIT/CL_STUDIHUB_ALEX_DPC_EXT</DPC>
     <EXTERNAL_NAME>STUDIHUB_ALEXA_SRV</EXTERNAL_NAME>
    </_-IWBEP_-I_SBD_SV>
   </_-IWBEP_-I_SBD_SV>
   <_-IWBEP_-I_SBD_SVT>
    <_-IWBEP_-I_SBD_SVT>
     <SYLANGU>D</SYLANGU>
     <PROJECT>/SWIT/STUDIHUB_ALEXA</PROJECT>
     <NODE_UUID>AFBWrlbrHuuDrsRWeDoYBA==</NODE_UUID>
    </_-IWBEP_-I_SBD_SVT>
   </_-IWBEP_-I_SBD_SVT>
   <_-IWBEP_-I_SBO_ES>
    <_-IWBEP_-I_SBO_ES>
     <PROJECT>/SWIT/STUDIHUB_ALEXA</PROJECT>
     <NODE_UUID>AFBWrlbrHuuDrsauIjL4BA==</NODE_UUID>
     <MODEL>AFBWrlbrHuuDrsRWeDn4BA==</MODEL>
     <NAME>EventSet</NAME>
     <ENTITY_TYPE>AFBWrlbrHuuDrsXmstw4BA==</ENTITY_TYPE>
     <PAGEABLE>X</PAGEABLE>
     <ADDRESSABLE>X</ADDRESSABLE>
     <SEARCHABLE>X</SEARCHABLE>
     <REQUIRES_FILTER>X</REQUIRES_FILTER>
     <REF_TYPE>T</REF_TYPE>
     <TECH_NAME>EVENTSET</TECH_NAME>
     <DESCRIPTION_XU>X</DESCRIPTION_XU>
     <IN_SERV_DOCU>X</IN_SERV_DOCU>
    </_-IWBEP_-I_SBO_ES>
    <_-IWBEP_-I_SBO_ES>
     <PROJECT>/SWIT/STUDIHUB_ALEXA</PROJECT>
     <NODE_UUID>AFBWrlbrHuuE3C1rVzC4BA==</NODE_UUID>
     <MODEL>AFBWrlbrHuuDrsRWeDn4BA==</MODEL>
     <NAME>PostSet</NAME>
     <ENTITY_TYPE>AFBWrlbrHuuE3CuHLrx4BA==</ENTITY_TYPE>
     <PAGEABLE>X</PAGEABLE>
     <ADDRESSABLE>X</ADDRESSABLE>
     <SEARCHABLE>X</SEARCHABLE>
     <REQUIRES_FILTER>X</REQUIRES_FILTER>
     <REF_TYPE>T</REF_TYPE>
     <TECH_NAME>POSTSET</TECH_NAME>
     <DESCRIPTION_XU>X</DESCRIPTION_XU>
     <IN_SERV_DOCU>X</IN_SERV_DOCU>
    </_-IWBEP_-I_SBO_ES>
   </_-IWBEP_-I_SBO_ES>
   <_-IWBEP_-I_SBO_EST>
    <_-IWBEP_-I_SBO_EST>
     <SYLANGU>D</SYLANGU>
     <PROJECT>/SWIT/STUDIHUB_ALEXA</PROJECT>
     <NODE_UUID>AFBWrlbrHuuDrsauIjL4BA==</NODE_UUID>
    </_-IWBEP_-I_SBO_EST>
    <_-IWBEP_-I_SBO_EST>
     <SYLANGU>D</SYLANGU>
     <PROJECT>/SWIT/STUDIHUB_ALEXA</PROJECT>
     <NODE_UUID>AFBWrlbrHuuE3C1rVzC4BA==</NODE_UUID>
    </_-IWBEP_-I_SBO_EST>
   </_-IWBEP_-I_SBO_EST>
   <_-IWBEP_-I_SBO_ET>
    <_-IWBEP_-I_SBO_ET>
     <PROJECT>/SWIT/STUDIHUB_ALEXA</PROJECT>
     <NODE_UUID>AFBWrlbrHuuDrsXmstw4BA==</NODE_UUID>
     <NAME>Event</NAME>
     <MODEL>AFBWrlbrHuuDrsRWeDn4BA==</MODEL>
     <REF_TYPE>T</REF_TYPE>
     <TECH_NAME>EVENT</TECH_NAME>
     <BASE_TYPE_XU>X</BASE_TYPE_XU>
     <ABSTRACT_XU>X</ABSTRACT_XU>
     <IS_THING_TYPE_XU>X</IS_THING_TYPE_XU>
     <IS_MEDIA_XU>X</IS_MEDIA_XU>
     <SEMANTIC_XU>X</SEMANTIC_XU>
     <FC_TARGET_PATHXU>X</FC_TARGET_PATHXU>
     <TXTR_XU>X</TXTR_XU>
     <ABAP_STRUCT_XU>X</ABAP_STRUCT_XU>
     <DESCRIPTION_XU>X</DESCRIPTION_XU>
     <ET_LABEL_XU>X</ET_LABEL_XU>
    </_-IWBEP_-I_SBO_ET>
    <_-IWBEP_-I_SBO_ET>
     <PROJECT>/SWIT/STUDIHUB_ALEXA</PROJECT>
     <NODE_UUID>AFBWrlbrHuuE3CuHLrx4BA==</NODE_UUID>
     <NAME>Post</NAME>
     <MODEL>AFBWrlbrHuuDrsRWeDn4BA==</MODEL>
     <REF_TYPE>T</REF_TYPE>
     <TECH_NAME>POST</TECH_NAME>
     <DESCRIPTION_XU>X</DESCRIPTION_XU>
    </_-IWBEP_-I_SBO_ET>
   </_-IWBEP_-I_SBO_ET>
   <_-IWBEP_-I_SBO_ETT>
    <_-IWBEP_-I_SBO_ETT>
     <SYLANGU>D</SYLANGU>
     <PROJECT>/SWIT/STUDIHUB_ALEXA</PROJECT>
     <NODE_UUID>AFBWrlbrHuuDrsXmstw4BA==</NODE_UUID>
    </_-IWBEP_-I_SBO_ETT>
    <_-IWBEP_-I_SBO_ETT>
     <SYLANGU>D</SYLANGU>
     <PROJECT>/SWIT/STUDIHUB_ALEXA</PROJECT>
     <NODE_UUID>AFBWrlbrHuuE3CuHLrx4BA==</NODE_UUID>
    </_-IWBEP_-I_SBO_ETT>
   </_-IWBEP_-I_SBO_ETT>
   <_-IWBEP_-I_SBO_PR>
    <_-IWBEP_-I_SBO_PR>
     <PROJECT>/SWIT/STUDIHUB_ALEXA</PROJECT>
     <NODE_UUID>AFBWrlbrHuuD2i5Fx7jYBA==</NODE_UUID>
     <PARENT_UUID>AFBWrlbrHuuDrsXmstw4BA==</PARENT_UUID>
     <NAME>RESPONSE</NAME>
     <CREATABLE>X</CREATABLE>
     <FILTERABLE>X</FILTERABLE>
     <SORTABLE>X</SORTABLE>
     <EDM_CORE_TYPE>Edm.String</EDM_CORE_TYPE>
     <UPDATABLE>X</UPDATABLE>
     <IS_NULLABLE>X</IS_NULLABLE>
     <REF_TYPE>T</REF_TYPE>
     <ABAP_FIELD>RESPONSE</ABAP_FIELD>
     <ABTY_XU>X</ABTY_XU>
     <SORT_ORDER>2</SORT_ORDER>
     <DESCRIPTION_XU>X</DESCRIPTION_XU>
    </_-IWBEP_-I_SBO_PR>
    <_-IWBEP_-I_SBO_PR>
     <PROJECT>/SWIT/STUDIHUB_ALEXA</PROJECT>
     <NODE_UUID>AFBWrlbrHuuE3CDI+WjYBA==</NODE_UUID>
     <PARENT_UUID>AFBWrlbrHuuDrsXmstw4BA==</PARENT_UUID>
     <NAME>REQUEST</NAME>
     <IS_KEY>X</IS_KEY>
     <CREATABLE>X</CREATABLE>
     <FILTERABLE>X</FILTERABLE>
     <SORTABLE>X</SORTABLE>
     <EDM_CORE_TYPE>Edm.String</EDM_CORE_TYPE>
     <UPDATABLE>X</UPDATABLE>
     <REF_TYPE>T</REF_TYPE>
     <ABAP_FIELD>REQUEST</ABAP_FIELD>
     <ABTY_XU>X</ABTY_XU>
     <SORT_ORDER>1</SORT_ORDER>
     <DESCRIPTION_XU>X</DESCRIPTION_XU>
    </_-IWBEP_-I_SBO_PR>
    <_-IWBEP_-I_SBO_PR>
     <PROJECT>/SWIT/STUDIHUB_ALEXA</PROJECT>
     <NODE_UUID>AFBWrlbrHuuE3DD+BvO4BA==</NODE_UUID>
     <PARENT_UUID>AFBWrlbrHuuE3CuHLrx4BA==</PARENT_UUID>
     <NAME>RESPONSE</NAME>
     <CREATABLE>X</CREATABLE>
     <FILTERABLE>X</FILTERABLE>
     <SORTABLE>X</SORTABLE>
     <EDM_CORE_TYPE>Edm.String</EDM_CORE_TYPE>
     <UPDATABLE>X</UPDATABLE>
     <IS_NULLABLE>X</IS_NULLABLE>
     <REF_TYPE>T</REF_TYPE>
     <ABAP_FIELD>RESPONSE</ABAP_FIELD>
     <ABTY_XU>X</ABTY_XU>
     <SORT_ORDER>2</SORT_ORDER>
     <DESCRIPTION_XU>X</DESCRIPTION_XU>
    </_-IWBEP_-I_SBO_PR>
    <_-IWBEP_-I_SBO_PR>
     <PROJECT>/SWIT/STUDIHUB_ALEXA</PROJECT>
     <NODE_UUID>AFBWrlbrHuuE3DQAJjB4BA==</NODE_UUID>
     <PARENT_UUID>AFBWrlbrHuuE3CuHLrx4BA==</PARENT_UUID>
     <NAME>REQUEST</NAME>
     <IS_KEY>X</IS_KEY>
     <CREATABLE>X</CREATABLE>
     <FILTERABLE>X</FILTERABLE>
     <SORTABLE>X</SORTABLE>
     <EDM_CORE_TYPE>Edm.String</EDM_CORE_TYPE>
     <UPDATABLE>X</UPDATABLE>
     <REF_TYPE>T</REF_TYPE>
     <ABAP_FIELD>REQUEST</ABAP_FIELD>
     <ABTY_XU>X</ABTY_XU>
     <SORT_ORDER>1</SORT_ORDER>
     <DESCRIPTION_XU>X</DESCRIPTION_XU>
    </_-IWBEP_-I_SBO_PR>
   </_-IWBEP_-I_SBO_PR>
   <_-IWBEP_-I_SBO_PRT>
    <_-IWBEP_-I_SBO_PRT>
     <SYLANGU>D</SYLANGU>
     <PROJECT>/SWIT/STUDIHUB_ALEXA</PROJECT>
     <NODE_UUID>AFBWrlbrHuuD2i5Fx7jYBA==</NODE_UUID>
    </_-IWBEP_-I_SBO_PRT>
    <_-IWBEP_-I_SBO_PRT>
     <SYLANGU>D</SYLANGU>
     <PROJECT>/SWIT/STUDIHUB_ALEXA</PROJECT>
     <NODE_UUID>AFBWrlbrHuuE3CDI+WjYBA==</NODE_UUID>
    </_-IWBEP_-I_SBO_PRT>
    <_-IWBEP_-I_SBO_PRT>
     <SYLANGU>D</SYLANGU>
     <PROJECT>/SWIT/STUDIHUB_ALEXA</PROJECT>
     <NODE_UUID>AFBWrlbrHuuE3DD+BvO4BA==</NODE_UUID>
     <PROP_LABEL>Output Speech</PROP_LABEL>
    </_-IWBEP_-I_SBO_PRT>
    <_-IWBEP_-I_SBO_PRT>
     <SYLANGU>D</SYLANGU>
     <PROJECT>/SWIT/STUDIHUB_ALEXA</PROJECT>
     <NODE_UUID>AFBWrlbrHuuE3DQAJjB4BA==</NODE_UUID>
     <PROP_LABEL>Intent Typ</PROP_LABEL>
    </_-IWBEP_-I_SBO_PRT>
   </_-IWBEP_-I_SBO_PRT>
  </asx:values>
 </asx:abap>
</abapGit>
