﻿<?xml version="1.0" encoding="utf-8"?>
<abapGit version="v1.0.0" serializer="LCL_OBJECT_IWMO" serializer_version="v1.0.0">
 <asx:abap xmlns:asx="http://www.sap.com/abapxml" version="1.0">
  <asx:values>
   <_-IWBEP_-I_MGW_OHD>
    <_-IWBEP_-I_MGW_OHD>
     <TECHNICAL_NAME>/SWIT/STUDIHUB_ALEXA_MDL</TECHNICAL_NAME>
     <VERSION>0001</VERSION>
     <CLASS_NAME>/SWIT/CL_STUDIHUB_ALEX_MPC_EXT</CLASS_NAME>
     <CREATED_BY>NEXUS</CREATED_BY>
     <CREATED_TIMESTMP>20201013170601</CREATED_TIMESTMP>
    </_-IWBEP_-I_MGW_OHD>
   </_-IWBEP_-I_MGW_OHD>
   <_-IWBEP_-I_MGW_OHT>
    <_-IWBEP_-I_MGW_OHT>
     <TECHNICAL_NAME>/SWIT/STUDIHUB_ALEXA_MDL</TECHNICAL_NAME>
     <VERSION>0001</VERSION>
     <LANGUAGE>D</LANGUAGE>
     <DESCRIPTION>Alexa Service - StudiHub</DESCRIPTION>
    </_-IWBEP_-I_MGW_OHT>
   </_-IWBEP_-I_MGW_OHT>
  </asx:values>
 </asx:abap>
</abapGit>
