﻿<?xml version="1.0" encoding="utf-8"?>
<abapGit version="v1.0.0" serializer="LCL_OBJECT_WAPA" serializer_version="v1.0.0">
 <asx:abap xmlns:asx="http://www.sap.com/abapxml" version="1.0">
  <asx:values>
   <ATTRIBUTES>
    <APPLNAME>/SWIT/DH_SH_ALE</APPLNAME>
    <APPLEXT>/swit/dh_sh_ale</APPLEXT>
    <SECURITY>X</SECURITY>
    <ORIGLANG>D</ORIGLANG>
    <MODIFLANG>D</MODIFLANG>
    <TEXT>Alexa integartion für StudiHub BSP-App</TEXT>
   </ATTRIBUTES>
   <PAGES>
    <item>
     <ATTRIBUTES>
      <APPLNAME>/SWIT/DH_SH_ALE</APPLNAME>
      <PAGEKEY>INDEX.DO</PAGEKEY>
      <PAGENAME>index.do</PAGENAME>
      <IMPLCLASS>/SWIT/DH_CL_ALEXA</IMPLCLASS>
      <PAGETYPE>C</PAGETYPE>
      <IS_START_PAGE>X</IS_START_PAGE>
      <LAYOUTLANGU>D</LAYOUTLANGU>
      <VERSION>A</VERSION>
      <LANGU>D</LANGU>
      <DESCRIPT>Alexa Integration für StudiHub - Controller</DESCRIPT>
     </ATTRIBUTES>
    </item>
    <item>
     <ATTRIBUTES>
      <APPLNAME>/SWIT/DH_SH_ALE</APPLNAME>
      <PAGEKEY>RESPONSE.HTM</PAGEKEY>
      <PAGENAME>response.htm</PAGENAME>
      <PAGETYPE>V</PAGETYPE>
      <CONTROLLERURL>CL_BSP_CONTROLLER</CONTROLLERURL>
      <MIMETYPE>application/json; charset=UTF-8</MIMETYPE>
      <LAYOUTLANGU>D</LAYOUTLANGU>
      <VERSION>A</VERSION>
      <LANGU>D</LANGU>
      <DESCRIPT>Response View für Alexa integration</DESCRIPT>
     </ATTRIBUTES>
     <PARAMETERS>
      <O2PAGPARS>
       <APPLNAME>/SWIT/DH_SH_ALE</APPLNAME>
       <PAGEKEY>RESPONSE.HTM</PAGEKEY>
       <COMPNAME>ERRORTEXT</COMPNAME>
       <VERSION>A</VERSION>
       <PARDECLTYP>1</PARDECLTYP>
       <TYPTYPE>1</TYPTYPE>
       <TYPE>STRING</TYPE>
       <ALIASNAME>ERRORTEXT</ALIASNAME>
      </O2PAGPARS>
      <O2PAGPARS>
       <APPLNAME>/SWIT/DH_SH_ALE</APPLNAME>
       <PAGEKEY>RESPONSE.HTM</PAGEKEY>
       <COMPNAME>OUTPUTSPEECHTEXT</COMPNAME>
       <VERSION>A</VERSION>
       <PARDECLTYP>1</PARDECLTYP>
       <TYPTYPE>1</TYPTYPE>
       <TYPE>STRING</TYPE>
       <ALIASNAME>OUTPUTSPEECHTEXT</ALIASNAME>
       <TEXT>Text der gelesen werden soll</TEXT>
      </O2PAGPARS>
      <O2PAGPARS>
       <APPLNAME>/SWIT/DH_SH_ALE</APPLNAME>
       <PAGEKEY>RESPONSE.HTM</PAGEKEY>
       <COMPNAME>REPROMPTSPEECHTEXT</COMPNAME>
       <VERSION>A</VERSION>
       <PARDECLTYP>1</PARDECLTYP>
       <TYPTYPE>1</TYPTYPE>
       <TYPE>STRING</TYPE>
       <ALIASNAME>REPROMPTSPEECHTEXT</ALIASNAME>
      </O2PAGPARS>
      <O2PAGPARS>
       <APPLNAME>/SWIT/DH_SH_ALE</APPLNAME>
       <PAGEKEY>RESPONSE.HTM</PAGEKEY>
       <COMPNAME>RESPONSESHOULDENDSESSION</COMPNAME>
       <VERSION>A</VERSION>
       <PARDECLTYP>1</PARDECLTYP>
       <TYPTYPE>1</TYPTYPE>
       <TYPE>STRING</TYPE>
       <ALIASNAME>RESPONSESHOULDENDSESSION</ALIASNAME>
      </O2PAGPARS>
     </PARAMETERS>
    </item>
   </PAGES>
  </asx:values>
 </asx:abap>
</abapGit>
