﻿<?xml version="1.0" encoding="utf-8"?>
<abapGit version="v1.0.0" serializer="LCL_OBJECT_IWOM" serializer_version="v1.0.0">
 <asx:abap xmlns:asx="http://www.sap.com/abapxml" version="1.0">
  <asx:values>
   <_-IWFND_-I_MED_EMM>
    <_-IWFND_-I_MED_EMM>
     <MODEL_IDENTIFIER>/SWIT/STUDIHUB_ALEXA_MDL_0001_BE</MODEL_IDENTIFIER>
     <IS_ACTIVE>A</IS_ACTIVE>
     <EXTERNAL_TYPE>C</EXTERNAL_TYPE>
     <EXTERNAL_NAME>STUDIHUB_ALEXA_SRV</EXTERNAL_NAME>
     <EXT_MODEL_TNAME>/SWIT/STUDIHUB_ALEXA_MDL_0001</EXT_MODEL_TNAME>
    </_-IWFND_-I_MED_EMM>
   </_-IWFND_-I_MED_EMM>
   <_-IWFND_-I_MED_INH>
    <_-IWFND_-I_MED_INH>
     <MODEL_IDENTIFIER>/SWIT/STUDIHUB_ALEXA_MDL_0001_BE</MODEL_IDENTIFIER>
     <IS_ACTIVE>A</IS_ACTIVE>
    </_-IWFND_-I_MED_INH>
   </_-IWFND_-I_MED_INH>
   <_-IWFND_-I_MED_OHD>
    <_-IWFND_-I_MED_OHD>
     <MODEL_IDENTIFIER>/SWIT/STUDIHUB_ALEXA_MDL_0001_BE</MODEL_IDENTIFIER>
     <IS_ACTIVE>A</IS_ACTIVE>
     <MODEL_NAME>/SWIT/STUDIHUB_ALEXA_MDL</MODEL_NAME>
     <VERSION>0001</VERSION>
     <MODEL_TYPE>BE</MODEL_TYPE>
     <CREATED_BY>NEXUS</CREATED_BY>
     <CHANGED_BY>NEXUS</CHANGED_BY>
     <CREATED_TIMESTMP>20201013171429</CREATED_TIMESTMP>
     <CHANGED_TIMESTMP>20201013171429</CHANGED_TIMESTMP>
    </_-IWFND_-I_MED_OHD>
   </_-IWFND_-I_MED_OHD>
   <_-IWFND_-I_MED_OHT>
    <_-IWFND_-I_MED_OHT>
     <MODEL_IDENTIFIER>/SWIT/STUDIHUB_ALEXA_MDL_0001_BE</MODEL_IDENTIFIER>
     <IS_ACTIVE>A</IS_ACTIVE>
     <LANGUAGE>D</LANGUAGE>
     <DESCRIPTION>Alexa Service - StudiHub</DESCRIPTION>
    </_-IWFND_-I_MED_OHT>
   </_-IWFND_-I_MED_OHT>
  </asx:values>
 </asx:abap>
</abapGit>
