﻿<?xml version="1.0" encoding="utf-8"?>
<abapGit version="v1.0.0" serializer="LCL_OBJECT_SICF" serializer_version="v1.0.0">
 <asx:abap xmlns:asx="http://www.sap.com/abapxml" version="1.0">
  <asx:values>
   <URL>/sap/bc/bsp/swit/dh_sh_ale/</URL>
   <ICFSERVICE>
    <ICF_NAME>DH_SH_ALE</ICF_NAME>
    <ORIG_NAME>dh_sh_ale</ORIG_NAME>
   </ICFSERVICE>
   <ICFDOCU>
    <ICF_NAME>DH_SH_ALE</ICF_NAME>
    <ICF_LANGU>D</ICF_LANGU>
    <ICF_DOCU>Alexa integartion für StudiHub BSP-App</ICF_DOCU>
   </ICFDOCU>
  </asx:values>
 </asx:abap>
</abapGit>
