﻿<?xml version="1.0" encoding="utf-8"?>
<abapGit version="v1.0.0" serializer="LCL_OBJECT_IWSG" serializer_version="v1.0.0">
 <asx:abap xmlns:asx="http://www.sap.com/abapxml" version="1.0">
  <asx:values>
   <_-IWFND_-I_MED_SIN>
    <_-IWFND_-I_MED_SIN>
     <SRV_IDENTIFIER>/SWIT/STUDI_HUB_SRV_0001</SRV_IDENTIFIER>
     <IS_ACTIVE>A</IS_ACTIVE>
     <NAME>BEP_SVC_EXT_DATA_SRC_TYPE</NAME>
     <VALUE>C</VALUE>
    </_-IWFND_-I_MED_SIN>
    <_-IWFND_-I_MED_SIN>
     <SRV_IDENTIFIER>/SWIT/STUDI_HUB_SRV_0001</SRV_IDENTIFIER>
     <IS_ACTIVE>A</IS_ACTIVE>
     <NAME>BEP_SVC_EXT_SERVICE_NAME</NAME>
     <VALUE>STUDI_HUB_SRV</VALUE>
    </_-IWFND_-I_MED_SIN>
    <_-IWFND_-I_MED_SIN>
     <SRV_IDENTIFIER>/SWIT/STUDI_HUB_SRV_0001</SRV_IDENTIFIER>
     <IS_ACTIVE>A</IS_ACTIVE>
     <NAME>BEP_SVC_GENERATOR</NAME>
     <VALUE>/IWFND/MAINT_SERVICE</VALUE>
    </_-IWFND_-I_MED_SIN>
    <_-IWFND_-I_MED_SIN>
     <SRV_IDENTIFIER>/SWIT/STUDI_HUB_SRV_0001</SRV_IDENTIFIER>
     <IS_ACTIVE>A</IS_ACTIVE>
     <NAME>BEP_SVC_ORG_NAMESPACE</NAME>
     <VALUE>/SWIT/</VALUE>
    </_-IWFND_-I_MED_SIN>
    <_-IWFND_-I_MED_SIN>
     <SRV_IDENTIFIER>/SWIT/STUDI_HUB_SRV_0001</SRV_IDENTIFIER>
     <IS_ACTIVE>A</IS_ACTIVE>
     <NAME>BEP_SVC_SERVICE_IDENT</NAME>
     <VALUE>/SWIT/STUDI_HUB_SRV_0001</VALUE>
    </_-IWFND_-I_MED_SIN>
    <_-IWFND_-I_MED_SIN>
     <SRV_IDENTIFIER>/SWIT/STUDI_HUB_SRV_0001</SRV_IDENTIFIER>
     <IS_ACTIVE>A</IS_ACTIVE>
     <NAME>BEP_SVC_SERVICE_NAME</NAME>
     <VALUE>/SWIT/STUDI_HUB_SRV</VALUE>
    </_-IWFND_-I_MED_SIN>
    <_-IWFND_-I_MED_SIN>
     <SRV_IDENTIFIER>/SWIT/STUDI_HUB_SRV_0001</SRV_IDENTIFIER>
     <IS_ACTIVE>A</IS_ACTIVE>
     <NAME>BEP_SVC_SERVICE_VERSION</NAME>
     <VALUE>0001</VALUE>
    </_-IWFND_-I_MED_SIN>
    <_-IWFND_-I_MED_SIN>
     <SRV_IDENTIFIER>/SWIT/STUDI_HUB_SRV_0001</SRV_IDENTIFIER>
     <IS_ACTIVE>A</IS_ACTIVE>
     <NAME>BEP_SVC_SOURCE_SYSTEM</NAME>
     <VALUE>LOCAL</VALUE>
    </_-IWFND_-I_MED_SIN>
    <_-IWFND_-I_MED_SIN>
     <SRV_IDENTIFIER>/SWIT/STUDI_HUB_SRV_0001</SRV_IDENTIFIER>
     <IS_ACTIVE>A</IS_ACTIVE>
     <NAME>BEP_SVC_TECHNICAL_NAME</NAME>
     <VALUE>/SWIT/STUDI_HUB_SRV</VALUE>
    </_-IWFND_-I_MED_SIN>
    <_-IWFND_-I_MED_SIN>
     <SRV_IDENTIFIER>/SWIT/STUDI_HUB_SRV_0001</SRV_IDENTIFIER>
     <IS_ACTIVE>A</IS_ACTIVE>
     <NAME>BEP_SVC_VERSION</NAME>
     <VALUE>0001</VALUE>
    </_-IWFND_-I_MED_SIN>
   </_-IWFND_-I_MED_SIN>
   <_-IWFND_-I_MED_SRG>
    <_-IWFND_-I_MED_SRG>
     <SRV_IDENTIFIER>/SWIT/STUDI_HUB_SRV_0001</SRV_IDENTIFIER>
     <IS_ACTIVE>A</IS_ACTIVE>
     <MODEL_IDENTIFIER>/SWIT/STUDI_HUB_MDL_0001_BE</MODEL_IDENTIFIER>
     <FOR_DATA_PROV>01</FOR_DATA_PROV>
    </_-IWFND_-I_MED_SRG>
   </_-IWFND_-I_MED_SRG>
   <_-IWFND_-I_MED_SRH>
    <_-IWFND_-I_MED_SRH>
     <SRV_IDENTIFIER>/SWIT/STUDI_HUB_SRV_0001</SRV_IDENTIFIER>
     <IS_ACTIVE>A</IS_ACTIVE>
     <NAMESPACE>/SWIT/</NAMESPACE>
     <OBJECT_NAME>/SWIT/STUDI_HUB_SRV</OBJECT_NAME>
     <SERVICE_NAME>STUDI_HUB_SRV</SERVICE_NAME>
     <SERVICE_VERSION>0001</SERVICE_VERSION>
     <CREATED_BY>NEXUS</CREATED_BY>
     <CHANGED_BY>NEXUS</CHANGED_BY>
     <CREATED_TIMESTMP>20200929155215</CREATED_TIMESTMP>
     <CHANGED_TIMESTMP>20201027102718</CHANGED_TIMESTMP>
     <IS_SAP_SERVICE>-</IS_SAP_SERVICE>
     <SOFT_STATE_STAT>N</SOFT_STATE_STAT>
     <RELEASE_STATUS>NOT_RELEASED</RELEASE_STATUS>
    </_-IWFND_-I_MED_SRH>
   </_-IWFND_-I_MED_SRH>
   <_-IWFND_-I_MED_SRT>
    <_-IWFND_-I_MED_SRT>
     <SRV_IDENTIFIER>/SWIT/STUDI_HUB_SRV_0001</SRV_IDENTIFIER>
     <IS_ACTIVE>A</IS_ACTIVE>
     <LANGUAGE>D</LANGUAGE>
     <DESCRIPTION>DHBW Seminararbeit - 3. Semester - StudiHub NMRW</DESCRIPTION>
    </_-IWFND_-I_MED_SRT>
   </_-IWFND_-I_MED_SRT>
  </asx:values>
 </asx:abap>
</abapGit>
