﻿<?xml version="1.0" encoding="utf-8"?>
<abapGit version="v1.0.0" serializer="LCL_OBJECT_NROB" serializer_version="v1.0.0">
 <asx:abap xmlns:asx="http://www.sap.com/abapxml" version="1.0">
  <asx:values>
   <ATTRIBUTES>
    <OBJECT>/SWIT/HUBS</OBJECT>
    <DOMLEN>NUMC8</DOMLEN>
    <PERCENTAGE>5.0</PERCENTAGE>
    <BUFFER>X</BUFFER>
    <NOIVBUFFER>00000010</NOIVBUFFER>
   </ATTRIBUTES>
   <TEXT>
    <LANGU>D</LANGU>
    <OBJECT>/SWIT/HUBS</OBJECT>
    <TXT>Nummernkreis für Posttypes StudiHub - DHBW Projekt</TXT>
    <TXTSHORT>Num.Kreis StudiHub</TXTSHORT>
   </TEXT>
  </asx:values>
 </asx:abap>
</abapGit>
