﻿<?xml version="1.0" encoding="utf-8"?>
<abapGit version="v1.0.0" serializer="LCL_OBJECT_NROB" serializer_version="v1.0.0">
 <asx:abap xmlns:asx="http://www.sap.com/abapxml" version="1.0">
  <asx:values>
   <ATTRIBUTES>
    <OBJECT>/SWIT/SHUB</OBJECT>
    <DOMLEN>CHAR8</DOMLEN>
    <PERCENTAGE>80.0</PERCENTAGE>
   </ATTRIBUTES>
   <TEXT>
    <LANGU>D</LANGU>
    <OBJECT>/SWIT/SHUB</OBJECT>
    <TXT>Nummernkreis für Studihub</TXT>
    <TXTSHORT>Studihub</TXTSHORT>
   </TEXT>
  </asx:values>
 </asx:abap>
</abapGit>
