﻿<?xml version="1.0" encoding="utf-8"?>
<abapGit version="v1.0.0" serializer="LCL_OBJECT_TABL" serializer_version="v1.0.0">
 <asx:abap xmlns:asx="http://www.sap.com/abapxml" version="1.0">
  <asx:values>
   <DD02V>
    <TABNAME>/SWIT/DH_POSTS</TABNAME>
    <DDLANGUAGE>D</DDLANGUAGE>
    <TABCLASS>TRANSP</TABCLASS>
    <DDTEXT>Liste Aller posts und derren typen</DDTEXT>
    <MAINFLAG>X</MAINFLAG>
    <CONTFLAG>A</CONTFLAG>
    <EXCLASS>4</EXCLASS>
   </DD02V>
   <DD09L>
    <TABNAME>/SWIT/DH_POSTS</TABNAME>
    <AS4LOCAL>A</AS4LOCAL>
    <TABKAT>0</TABKAT>
    <TABART>APPL0</TABART>
    <BUFALLOW>N</BUFALLOW>
   </DD09L>
   <DD03P_TABLE>
    <DD03P>
     <TABNAME>/SWIT/DH_POSTS</TABNAME>
     <FIELDNAME>POSTID</FIELDNAME>
     <POSITION>0001</POSITION>
     <KEYFLAG>X</KEYFLAG>
     <ROLLNAME>NUM08</ROLLNAME>
     <ADMINFIELD>0</ADMINFIELD>
     <NOTNULL>X</NOTNULL>
     <COMPTYPE>E</COMPTYPE>
    </DD03P>
    <DD03P>
     <TABNAME>/SWIT/DH_POSTS</TABNAME>
     <FIELDNAME>POSTTYPE</FIELDNAME>
     <POSITION>0002</POSITION>
     <ROLLNAME>CHAR4</ROLLNAME>
     <CHECKTABLE>/SWIT/DH_TYPES</CHECKTABLE>
     <ADMINFIELD>0</ADMINFIELD>
     <NOTNULL>X</NOTNULL>
     <SHLPORIGIN>P</SHLPORIGIN>
     <COMPTYPE>E</COMPTYPE>
    </DD03P>
   </DD03P_TABLE>
   <DD05M_TABLE>
    <DD05M>
     <TABNAME>/SWIT/DH_POSTS</TABNAME>
     <FIELDNAME>POSTTYPE</FIELDNAME>
     <FORTABLE>/SWIT/DH_POSTS</FORTABLE>
     <FORKEY>POSTTYPE</FORKEY>
     <CHECKTABLE>/SWIT/DH_TYPES</CHECKTABLE>
     <CHECKFIELD>POSTTYPE</CHECKFIELD>
     <PRIMPOS>0001</PRIMPOS>
     <DOMNAME>CHAR4</DOMNAME>
     <DATATYPE>CHAR</DATATYPE>
     <LENG>000004</LENG>
    </DD05M>
   </DD05M_TABLE>
   <DD08V_TABLE>
    <DD08V>
     <TABNAME>/SWIT/DH_POSTS</TABNAME>
     <FIELDNAME>POSTTYPE</FIELDNAME>
     <DDLANGUAGE>D</DDLANGUAGE>
     <CHECKTABLE>/SWIT/DH_TYPES</CHECKTABLE>
    </DD08V>
   </DD08V_TABLE>
  </asx:values>
 </asx:abap>
</abapGit>
