<mvc:View xmlns:core="sap.ui.core" xmlns:mvc="sap.ui.core.mvc" xmlns="sap.m" controllerName="Mosbach.StudiHub.controller.Event.CreateEvent"                                                                                                                    
	xmlns:html="http://www.w3.org/1999/xhtml" xmlns:form="sap.ui.layout.form"                                                                                                                                                                                     
	xmlns:l="sap.ui.layout" xmlns:vbm="sap.ui.vbm">                                                                                                                                                                                                               
	<App>                                                                                                                                                                                                                                                         
		<pages>                                                                                                                                                                                                                                                      
			<Page title="Title">                                                                                                                                                                                                                                        
				<customHeader>                                                                                                                                                                                                                                             
					<Bar>                                                                                                                                                                                                                                                     
						<contentLeft>                                                                                                                                                                                                                                            
							<Button icon="sap-icon://nav-back" press="navToMaster"/>                                                                                                                                                                                                
						</contentLeft>                                                                                                                                                                                                                                           
						<contentMiddle>                                                                                                                                                                                                                                          
							<Title text="{i18n>title}"/>                                                                                                                                                                                                                            
						</contentMiddle>                                                                                                                                                                                                                                         
						<contentRight>                                                                                                                                                                                                                                           
							<Button icon="sap-icon://employee-lookup" visible="{= ${SessionModel>/myUserType} === 'ADMN'}" press="onAdminPanelPress" text="Nutzer verwalten" type="Attention"/>                                                                                     
							<Button icon="sap-icon://business-card" press="onMyProfilePress" tooltip="Mein Profil" type="Ghost"/>                                                                                                                                                   
						</contentRight>                                                                                                                                                                                                                                          
					</Bar>                                                                                                                                                                                                                                                    
				</customHeader>                                                                                                                                                                                                                                            
				<content>                                                                                                                                                                                                                                                  
					<Panel id="panelData" width="auto" class="sapUiResponsiveMargin">                                                                                                                                                                                         
						<headerToolbar>                                                                                                                                                                                                                                          
							<OverflowToolbar>                                                                                                                                                                                                                                       
								<Title text="Neues Event posten:"/>                                                                                                                                                                                                                    
								<ToolbarSpacer/>                                                                                                                                                                                                                                       
							</OverflowToolbar>                                                                                                                                                                                                                                      
						</headerToolbar>                                                                                                                                                                                                                                         
						<content>                                                                                                                                                                                                                                                
							<form:Form width="100%" editable="true" visible="true">                                                                                                                                                                                                 
								<form:title/>                                                                                                                                                                                                                                          
								<form:formContainers>                                                                                                                                                                                                                                  
									<form:FormContainer title="Daten zum Event" visible="true">                                                                                                                                                                                           
										<form:formElements>                                                                                                                                                                                                                                  
											<form:FormElement visible="true">                                                                                                                                                                                                                   
												<form:label>                                                                                                                                                                                                                                       
													<Label text="Titel" design="Standard" width="100%" textAlign="Begin" textDirection="Inherit"/>                                                                                                                                                    
												</form:label>                                                                                                                                                                                                                                      
												<form:fields>                                                                                                                                                                                                                                      
													<Input id="inputHeader" liveChange="onLiveChange" required="true" value="" editable="true" valueStateText=""/>                                                                                                                                    
												</form:fields>                                                                                                                                                                                                                                     
											</form:FormElement>                                                                                                                                                                                                                                 
											<form:FormElement visible="true">                                                                                                                                                                                                                   
												<form:label>                                                                                                                                                                                                                                       
													<Label text="Von - Bis" design="Standard" width="100%" textAlign="Begin" textDirection="Inherit"/>                                                                                                                                                
												</form:label>                                                                                                                                                                                                                                      
												<form:fields>                                                                                                                                                                                                                                      
													<DateRangeSelection id="dateRange" required="true" change="onLiveChange"/>                                                                                                                                                                        
												</form:fields>                                                                                                                                                                                                                                     
											</form:FormElement>                                                                                                                                                                                                                                 
											<form:FormElement visible="true">                                                                                                                                                                                                                   
												<form:label>                                                                                                                                                                                                                                       
													<Label text="Weblink" design="Standard" width="100%" textAlign="Begin" textDirection="Inherit"/>                                                                                                                                                  
												</form:label>                                                                                                                                                                                                                                      
												<form:fields>                                                                                                                                                                                                                                      
													<Input id="inputWebsite" value="{Website}" editable="true" valueStateText=""/>                                                                                                                                                                    
												</form:fields>                                                                                                                                                                                                                                     
											</form:FormElement>                                                                                                                                                                                                                                 
										</form:formElements>                                                                                                                                                                                                                                 
										<form:title/>                                                                                                                                                                                                                                        
									</form:FormContainer>                                                                                                                                                                                                                                 
									<form:FormContainer title="Adressdaten" visible="true">                                                                                                                                                                                               
										<form:formElements>                                                                                                                                                                                                                                  
											<form:FormElement visible="true">                                                                                                                                                                                                                   
												<form:label>                                                                                                                                                                                                                                       
													<Label text="Unternehmen" design="Standard" width="100%" textAlign="Begin" textDirection="Inherit"/>                                                                                                                                              
												</form:label>                                                                                                                                                                                                                                      
												<form:fields>                                                                                                                                                                                                                                      
													<Input id="inputCompany" value="{Firstname} {Lastname} {Company}" editable="false" valueStateText=""/>                                                                                                                                            
												</form:fields>                                                                                                                                                                                                                                     
											</form:FormElement>                                                                                                                                                                                                                                 
											<form:FormElement visible="true">                                                                                                                                                                                                                   
												<form:label>                                                                                                                                                                                                                                       
													<Label text="Straße" design="Standard" width="100%" textAlign="Begin" textDirection="Inherit"/>                                                                                                                                                   
												</form:label>                                                                                                                                                                                                                                      
												<form:fields>                                                                                                                                                                                                                                      
													<Input id="inputStreet" value="{Street}" editable="true" valueStateText=""/>                                                                                                                                                                      
												</form:fields>                                                                                                                                                                                                                                     
											</form:FormElement>                                                                                                                                                                                                                                 
											<form:FormElement visible="true">                                                                                                                                                                                                                   
												<form:label>                                                                                                                                                                                                                                       
													<Label text="Ort" design="Standard" width="100%" textAlign="Begin" textDirection="Inherit"/>                                                                                                                                                      
												</form:label>                                                                                                                                                                                                                                      
												<form:fields>                                                                                                                                                                                                                                      
													<Input id="inputCity" value="{City}" editable="true" valueStateText=""/>                                                                                                                                                                          
												</form:fields>                                                                                                                                                                                                                                     
											</form:FormElement>                                                                                                                                                                                                                                 
											<form:FormElement visible="true">                                                                                                                                                                                                                   
												<form:label>                                                                                                                                                                                                                                       
													<Label text="Postleitzahl" design="Standard" width="100%" textAlign="Begin" textDirection="Inherit"/>                                                                                                                                             
												</form:label>                                                                                                                                                                                                                                      
												<form:fields>                                                                                                                                                                                                                                      
													<Input id="inputPostcode" type="Number" maxLength="5" value="{Postcode}" editable="true" valueStateText=""/>                                                                                                                                      
												</form:fields>                                                                                                                                                                                                                                     
											</form:FormElement>                                                                                                                                                                                                                                 
										</form:formElements>                                                                                                                                                                                                                                 
										<form:title/>                                                                                                                                                                                                                                        
									</form:FormContainer>                                                                                                                                                                                                                                 
								</form:formContainers>                                                                                                                                                                                                                                 
								<form:layout>                                                                                                                                                                                                                                          
									<form:ResponsiveGridLayout adjustLabelSpan="false" columnsL="2" labelSpanL="3" columnsM="1" labelSpanM="2" labelSpanS="12"/>                                                                                                                          
								</form:layout>                                                                                                                                                                                                                                         
							</form:Form>                                                                                                                                                                                                                                            
							<form:Form width="100%" editable="true" visible="true">                                                                                                                                                                                                 
								<form:title/>                                                                                                                                                                                                                                          
								<form:formContainers>                                                                                                                                                                                                                                  
									<form:FormContainer title="Beschreibung" visible="true">                                                                                                                                                                                              
										<form:formElements>                                                                                                                                                                                                                                  
											<form:FormElement visible="true" >                                                                                                                                                                                                                  
												<form:label ></form:label>                                                                                                                                                                                                                         
												<form:fields>                                                                                                                                                                                                                                      
													<TextArea required="true" id="textArea" rows="8"/>                                                                                                                                                                                                
												</form:fields>                                                                                                                                                                                                                                     
											</form:FormElement>                                                                                                                                                                                                                                 
										</form:formElements>                                                                                                                                                                                                                                 
										<form:title/>                                                                                                                                                                                                                                        
									</form:FormContainer>                                                                                                                                                                                                                                 
								</form:formContainers>                                                                                                                                                                                                                                 
								<form:layout>                                                                                                                                                                                                                                          
									<form:ResponsiveGridLayout adjustLabelSpan="false" columnsL="2" labelSpanL="3" columnsM="1" labelSpanM="2" labelSpanS="12"/>                                                                                                                          
								</form:layout>                                                                                                                                                                                                                                         
							</form:Form>                                                                                                                                                                                                                                            
							<form:Form width="100%" editable="true" visible="true">                                                                                                                                                                                                 
								<form:title/>                                                                                                                                                                                                                                          
								<form:formContainers>                                                                                                                                                                                                                                  
									<form:FormContainer title="PDF zum Event" visible="true">                                                                                                                                                                                             
										<form:formElements>                                                                                                                                                                                                                                  
											<form:FormElement visible="true">                                                                                                                                                                                                                   
												<form:label></form:label>                                                                                                                                                                                                                          
												<form:fields>                                                                                                                                                                                                                                      
													<UploadCollection id="UploadCollection" maximumFilenameLength="55" maximumFileSize="10" multiple="false" sameFilenameAllowed="true"                                                                                                               
														noDataText="Sie können hier optional eine PDF Datei zum Angebot hochladen" instantUpload="false" change="onFileSelected" fileType="pdf"                                                                                                          
														fileDeleted="onFileDeleted" filenameLengthExceed="onFilenameLengthExceed" fileSizeExceed="onFileSizeExceed" typeMissmatch="onTypeMissmatch"                                                                                                      
														uploadComplete="onUploadComplete" beforeUploadStarts="onBeforeUploadStarts">                                                                                                                                                                     
														<toolbar>                                                                                                                                                                                                                                        
															<OverflowToolbar>                                                                                                                                                                                                                               
																<ToolbarSpacer/>                                                                                                                                                                                                                               
																<UploadCollectionToolbarPlaceholder/>                                                                                                                                                                                                          
															</OverflowToolbar>                                                                                                                                                                                                                              
														</toolbar>                                                                                                                                                                                                                                       
													</UploadCollection>                                                                                                                                                                                                                               
												</form:fields>                                                                                                                                                                                                                                     
											</form:FormElement>                                                                                                                                                                                                                                 
										</form:formElements>                                                                                                                                                                                                                                 
										<form:title/>                                                                                                                                                                                                                                        
									</form:FormContainer>                                                                                                                                                                                                                                 
								</form:formContainers>                                                                                                                                                                                                                                 
								<form:layout>                                                                                                                                                                                                                                          
									<form:ResponsiveGridLayout adjustLabelSpan="false" columnsL="2" labelSpanL="3" columnsM="1" labelSpanM="2" labelSpanS="12"/>                                                                                                                          
								</form:layout>                                                                                                                                                                                                                                         
							</form:Form>                                                                                                                                                                                                                                            
						</content>                                                                                                                                                                                                                                               
					</Panel>                                                                                                                                                                                                                                                  
					<Panel width="auto" class="sapUiResponsiveMargin">                                                                                                                                                                                                        
						<headerToolbar>                                                                                                                                                                                                                                          
							<OverflowToolbar>                                                                                                                                                                                                                                       
								<Title text="Vorschau der Kachel"/>                                                                                                                                                                                                                    
								<ToolbarSpacer/>                                                                                                                                                                                                                                       
							</OverflowToolbar>                                                                                                                                                                                                                                      
						</headerToolbar>                                                                                                                                                                                                                                         
						<content>                                                                                                                                                                                                                                                
							<FlexBox id="flexBoxPreview" alignContent="Center" justifyContent="Center" class="sapUiContentPadding sapUiSmallMarginEnd"></FlexBox>                                                                                                                   
							<FlexBox alignContent="Center" justifyContent="Center" class="sapUiContentPadding sapUiSmallMarginEnd">                                                                                                                                                 
								<Button press="onSavePress" icon="sap-icon://add-document" text="Jetzt Event posten!"/>                                                                                                                                                                
							</FlexBox>                                                                                                                                                                                                                                              
						</content>                                                                                                                                                                                                                                               
					</Panel>                                                                                                                                                                                                                                                  
				</content>                                                                                                                                                                                                                                                 
			</Page>                                                                                                                                                                                                                                                     
		</pages>                                                                                                                                                                                                                                                     
	</App>                                                                                                                                                                                                                                                        
</mvc:View>                                                                                                                                                                                                                                                    