﻿<?xml version="1.0" encoding="utf-8"?>
<abapGit version="v1.0.0" serializer="LCL_OBJECT_TABL" serializer_version="v1.0.0">
 <asx:abap xmlns:asx="http://www.sap.com/abapxml" version="1.0">
  <asx:values>
   <DD02V>
    <TABNAME>/SWIT/DH_TS_COMMENT</TABNAME>
    <DDLANGUAGE>D</DDLANGUAGE>
    <TABCLASS>INTTAB</TABCLASS>
    <DDTEXT>DH STUDIHUB TS_COMMENT</DDTEXT>
    <EXCLASS>4</EXCLASS>
   </DD02V>
   <DD03P_TABLE>
    <DD03P>
     <TABNAME>/SWIT/DH_TS_COMMENT</TABNAME>
     <FIELDNAME>POSTID</FIELDNAME>
     <POSITION>0001</POSITION>
     <ROLLNAME>NUM08</ROLLNAME>
     <ADMINFIELD>0</ADMINFIELD>
     <COMPTYPE>E</COMPTYPE>
    </DD03P>
    <DD03P>
     <TABNAME>/SWIT/DH_TS_COMMENT</TABNAME>
     <FIELDNAME>USERID</FIELDNAME>
     <POSITION>0002</POSITION>
     <ROLLNAME>NUM08</ROLLNAME>
     <ADMINFIELD>0</ADMINFIELD>
     <COMPTYPE>E</COMPTYPE>
    </DD03P>
    <DD03P>
     <TABNAME>/SWIT/DH_TS_COMMENT</TABNAME>
     <FIELDNAME>CREATEDDATE</FIELDNAME>
     <POSITION>0003</POSITION>
     <ROLLNAME>BEGDA</ROLLNAME>
     <ADMINFIELD>0</ADMINFIELD>
     <SHLPORIGIN>T</SHLPORIGIN>
     <COMPTYPE>E</COMPTYPE>
    </DD03P>
    <DD03P>
     <TABNAME>/SWIT/DH_TS_COMMENT</TABNAME>
     <FIELDNAME>CREATEDTIME</FIELDNAME>
     <POSITION>0004</POSITION>
     <ROLLNAME>UZEIT</ROLLNAME>
     <ADMINFIELD>0</ADMINFIELD>
     <SHLPORIGIN>T</SHLPORIGIN>
     <COMPTYPE>E</COMPTYPE>
    </DD03P>
    <DD03P>
     <TABNAME>/SWIT/DH_TS_COMMENT</TABNAME>
     <FIELDNAME>TEXT</FIELDNAME>
     <DDLANGUAGE>D</DDLANGUAGE>
     <POSITION>0005</POSITION>
     <ADMINFIELD>0</ADMINFIELD>
     <INTTYPE>g</INTTYPE>
     <INTLEN>000008</INTLEN>
     <DATATYPE>STRG</DATATYPE>
     <MASK>  STRG</MASK>
    </DD03P>
    <DD03P>
     <TABNAME>/SWIT/DH_TS_COMMENT</TABNAME>
     <FIELDNAME>UNAME</FIELDNAME>
     <POSITION>0006</POSITION>
     <ROLLNAME>CHAR50</ROLLNAME>
     <ADMINFIELD>0</ADMINFIELD>
     <COMPTYPE>E</COMPTYPE>
    </DD03P>
    <DD03P>
     <TABNAME>/SWIT/DH_TS_COMMENT</TABNAME>
     <FIELDNAME>USERTYPE</FIELDNAME>
     <POSITION>0007</POSITION>
     <ROLLNAME>CHAR4</ROLLNAME>
     <ADMINFIELD>0</ADMINFIELD>
     <COMPTYPE>E</COMPTYPE>
    </DD03P>
    <DD03P>
     <TABNAME>/SWIT/DH_TS_COMMENT</TABNAME>
     <FIELDNAME>STATUS</FIELDNAME>
     <POSITION>0008</POSITION>
     <ROLLNAME>CHAR50</ROLLNAME>
     <ADMINFIELD>0</ADMINFIELD>
     <COMPTYPE>E</COMPTYPE>
    </DD03P>
   </DD03P_TABLE>
  </asx:values>
 </asx:abap>
</abapGit>
