<edmx:Edmx xmlns:edmx="http://schemas.microsoft.com/ado/2007/06/edmx"                                                                                                                                                                                          
	xmlns:m="http://schemas.microsoft.com/ado/2007/08/dataservices/metadata" xmlns:sap="http://www.sap.com/Protocols/SAPData" Version="1.0">                                                                                                                      
	<edmx:DataServices m:DataServiceVersion="2.0">                                                                                                                                                                                                                
		<Schema xmlns="http://schemas.microsoft.com/ado/2008/09/edm" Namespace="SWIT.STUDI_HUB_SRV" xml:lang="de" sap:schema-version="1">                                                                                                                            
			<EntityType Name="Event" sap:content-version="1">                                                                                                                                                                                                           
				<Key><PropertyRef Name="EventType"/></Key><Property Name="SubHeader" Type="Edm.String" sap:unicode="false" sap:label="SubHeader"/><Property Name="Header" Type="Edm.String" sap:unicode="false" sap:label="Header"/><Property Name="address" Type="Edm.Str+
ing" sap:unicode="false" sap:label="Adresse"/><Property Name="ZipCode" Type="Edm.String" sap:unicode="false" sap:label="Posleihzahl"/><Property Name="City" Type="Edm.String" sap:unicode="false" sap:label="Ort"/><Property Name="EventType" Type="Edm.String+
" Nullable="false" sap:unicode="false" sap:label="Eventart" sap:updatable="false"/></EntityType>                                                                                                                                                               
			<EntityType Name="Icon" sap:content-version="1">                                                                                                                                                                                                            
				<Key><PropertyRef Name="IconUri"/></Key><Property Name="IconDesc" Type="Edm.String" sap:unicode="false" sap:label="Icon"/><Property Name="IconUri" Type="Edm.String" Nullable="false" sap:unicode="false" sap:label="Icon" sap:updatable="false"/></Entity+
Type>                                                                                                                                                                                                                                                          
			<EntityType Name="Offer" sap:content-version="1">                                                                                                                                                                                                           
				<Key><PropertyRef Name="PostId"/></Key><Property Name="PostId" Type="Edm.String" Nullable="false" MaxLength="8" sap:unicode="false" sap:label="char8" sap:creatable="false"                                                                                
					sap:updatable="false" sap:sortable="false" sap:filterable="false"/><Property Name="Endda" Type="Edm.DateTime" Nullable="false" Precision="7" sap:unicode="false" sap:label="Gültig bis" sap:creatable="false"                                             
					sap:updatable="false" sap:sortable="false" sap:filterable="false"/><Property Name="Begda" Type="Edm.DateTime" Nullable="false" Precision="7" sap:unicode="false" sap:label="Gültig ab" sap:creatable="false"                                              
					sap:updatable="false" sap:sortable="false" sap:filterable="false"/><Property Name="ShortTitle" Type="Edm.String" Nullable="false" MaxLength="32" sap:unicode="false" sap:label="Characterfeld der Länge 32"                                               
					sap:creatable="false" sap:updatable="false" sap:sortable="false" sap:filterable="false"/><Property Name="PostTitle" Type="Edm.String" Nullable="false" MaxLength="50" sap:unicode="false" sap:label="Kommentar" sap:creatable="false"                     
					sap:updatable="false" sap:sortable="false" sap:filterable="false"/><Property Name="Icon" Type="Edm.String" Nullable="false" MaxLength="50" sap:unicode="false" sap:label="Kommentar" sap:creatable="false"                                                
					sap:updatable="false" sap:sortable="false" sap:filterable="false"/><Property Name="Nummer" Type="Edm.String" Nullable="false" MaxLength="5" sap:unicode="false" sap:label="R/2_TABELLE" sap:creatable="false"                                             
					sap:updatable="false" sap:sortable="false" sap:filterable="false"/><Property Name="Weblink" Type="Edm.String" Nullable="false" sap:unicode="false" sap:label="WEBLINK" sap:creatable="false"                                                              
					sap:updatable="false" sap:sortable="false" sap:filterable="false"/><Property Name="Street" Type="Edm.String" Nullable="false" MaxLength="60" sap:unicode="false" sap:label="Straße/Hausnr"                                                                
					sap:creatable="false" sap:updatable="false" sap:sortable="false" sap:filterable="false"/><Property Name="City" Type="Edm.String" Nullable="false" MaxLength="40" sap:unicode="false" sap:label="Ort" sap:creatable="false"                                
					sap:updatable="false" sap:sortable="false" sap:filterable="false"/><Property Name="ZipCode" Type="Edm.String" Nullable="false" MaxLength="10" sap:unicode="false" sap:label="PLZ / Ort" sap:creatable="false"                                             
					sap:updatable="false" sap:sortable="false" sap:filterable="false"/><Property Name="Text" Type="Edm.String" Nullable="false" sap:unicode="false" sap:label="TEXT" sap:creatable="false" sap:updatable="false"                                              
					sap:sortable="false" sap:filterable="false"/><Property Name="Pdfsoruce" Type="Edm.String" Nullable="false" sap:unicode="false" sap:label="PDFSORUCE" sap:creatable="false"                                                                                
					sap:updatable="false" sap:sortable="false" sap:filterable="false"/></EntityType>                                                                                                                                                                          
			<EntityContainer Name="SWIT_STUDI_HUB_SRV_Entities" m:IsDefaultEntityContainer="true" sap:supported-formats="atom json xlsx"><EntitySet Name="EventSet" EntityType="SWIT.STUDI_HUB_SRV.Event" sap:creatable="false" sap:updatable="false" sap:deletable="fa+
lse"                                                                                                                                                                                                                                                           
				sap:searchable="true" sap:content-version="1"/><EntitySet Name="IconSet" EntityType="SWIT.STUDI_HUB_SRV.Icon" sap:creatable="false" sap:updatable="false" sap:deletable="false"                                                                            
				sap:searchable="true" sap:content-version="1"/><EntitySet Name="OfferSet" EntityType="SWIT.STUDI_HUB_SRV.Offer" sap:searchable="true" sap:content-version="1"/></EntityContainer><atom:link xmlns:atom="http://www.w3.org/2005/Atom" rel="self" href="./sw+
it/STUDI_HUB_SRV/$metadata"/><atom:link xmlns:atom="http://www.w3.org/2005/Atom" rel="latest-version" href="./swit/STUDI_HUB_SRV/$metadata"/></Schema>                                                                                                         
	</edmx:DataServices>                                                                                                                                                                                                                                          
</edmx:Edmx>                                                                                                                                                                                                                                                   