﻿<?xml version="1.0" encoding="utf-8"?>
<abapGit version="v1.0.0" serializer="LCL_OBJECT_CLAS" serializer_version="v1.0.0">
 <asx:abap xmlns:asx="http://www.sap.com/abapxml" version="1.0">
  <asx:values>
   <VSEOCLASS>
    <CLSNAME>/SWIT/CL_STUDI_HUB_MPC</CLSNAME>
    <LANGU>D</LANGU>
    <DESCRIPT>/SWIT/CL_STUDI_HUB_MPC</DESCRIPT>
    <STATE>1</STATE>
    <CLSCCINCL>X</CLSCCINCL>
    <FIXPT>X</FIXPT>
    <UNICODE>X</UNICODE>
   </VSEOCLASS>
   <TPOOL>
    <item>
     <ID>I</ID>
     <KEY>007</KEY>
     <ENTRY>Icon</ENTRY>
     <LENGTH>132</LENGTH>
    </item>
    <item>
     <ID>I</ID>
     <KEY>008</KEY>
     <ENTRY>Icon</ENTRY>
     <LENGTH>132</LENGTH>
    </item>
    <item>
     <ID>I</ID>
     <KEY>017</KEY>
     <ENTRY>ICON</ENTRY>
     <LENGTH>132</LENGTH>
    </item>
    <item>
     <ID>I</ID>
     <KEY>018</KEY>
     <ENTRY>WEBLINK</ENTRY>
     <LENGTH>132</LENGTH>
    </item>
    <item>
     <ID>I</ID>
     <KEY>023</KEY>
     <ENTRY>Kommentar</ENTRY>
     <LENGTH>132</LENGTH>
    </item>
    <item>
     <ID>I</ID>
     <KEY>025</KEY>
     <ENTRY>DESCR</ENTRY>
     <LENGTH>132</LENGTH>
    </item>
    <item>
     <ID>I</ID>
     <KEY>027</KEY>
     <ENTRY>Kommentar</ENTRY>
     <LENGTH>132</LENGTH>
    </item>
    <item>
     <ID>I</ID>
     <KEY>028</KEY>
     <ENTRY>Nicht näher def. Bereich, evtl. für Patchlevels verwendbar</ENTRY>
     <LENGTH>132</LENGTH>
    </item>
    <item>
     <ID>I</ID>
     <KEY>029</KEY>
     <ENTRY>Kommentar</ENTRY>
     <LENGTH>132</LENGTH>
    </item>
    <item>
     <ID>I</ID>
     <KEY>030</KEY>
     <ENTRY>WEBSITE</ENTRY>
     <LENGTH>132</LENGTH>
    </item>
    <item>
     <ID>I</ID>
     <KEY>031</KEY>
     <ENTRY>LOGO</ENTRY>
     <LENGTH>132</LENGTH>
    </item>
    <item>
     <ID>I</ID>
     <KEY>032</KEY>
     <ENTRY>BESCHREIBUNG</ENTRY>
     <LENGTH>132</LENGTH>
    </item>
    <item>
     <ID>I</ID>
     <KEY>034</KEY>
     <ENTRY>TEXT</ENTRY>
     <LENGTH>132</LENGTH>
    </item>
    <item>
     <ID>I</ID>
     <KEY>035</KEY>
     <ENTRY>Kommentar</ENTRY>
     <LENGTH>132</LENGTH>
    </item>
    <item>
     <ID>I</ID>
     <KEY>036</KEY>
     <ENTRY>Nicht näher def. Bereich, evtl. für Patchlevels verwendbar</ENTRY>
     <LENGTH>132</LENGTH>
    </item>
    <item>
     <ID>I</ID>
     <KEY>037</KEY>
     <ENTRY>Kommentar</ENTRY>
     <LENGTH>132</LENGTH>
    </item>
    <item>
     <ID>I</ID>
     <KEY>038</KEY>
     <ENTRY>Kommentar</ENTRY>
     <LENGTH>132</LENGTH>
    </item>
    <item>
     <ID>I</ID>
     <KEY>039</KEY>
     <ENTRY>WEBLINK</ENTRY>
     <LENGTH>132</LENGTH>
    </item>
    <item>
     <ID>I</ID>
     <KEY>040</KEY>
     <ENTRY>DESCR</ENTRY>
     <LENGTH>132</LENGTH>
    </item>
    <item>
     <ID>I</ID>
     <KEY>041</KEY>
     <ENTRY>Kommentar</ENTRY>
     <LENGTH>132</LENGTH>
    </item>
    <item>
     <ID>I</ID>
     <KEY>042</KEY>
     <ENTRY>Kommentar</ENTRY>
     <LENGTH>132</LENGTH>
    </item>
    <item>
     <ID>I</ID>
     <KEY>043</KEY>
     <ENTRY>Kommentar</ENTRY>
     <LENGTH>132</LENGTH>
    </item>
    <item>
     <ID>I</ID>
     <KEY>044</KEY>
     <ENTRY>WEBLINK</ENTRY>
     <LENGTH>132</LENGTH>
    </item>
    <item>
     <ID>I</ID>
     <KEY>045</KEY>
     <ENTRY>DESCR</ENTRY>
     <LENGTH>132</LENGTH>
    </item>
    <item>
     <ID>I</ID>
     <KEY>046</KEY>
     <ENTRY>Kommentar</ENTRY>
     <LENGTH>132</LENGTH>
    </item>
    <item>
     <ID>I</ID>
     <KEY>047</KEY>
     <ENTRY>user email</ENTRY>
     <LENGTH>132</LENGTH>
    </item>
    <item>
     <ID>I</ID>
     <KEY>048</KEY>
     <ENTRY>passwort</ENTRY>
     <LENGTH>132</LENGTH>
    </item>
    <item>
     <ID>I</ID>
     <KEY>049</KEY>
     <ENTRY>Flag if authorized</ENTRY>
     <LENGTH>132</LENGTH>
    </item>
    <item>
     <ID>I</ID>
     <KEY>050</KEY>
     <ENTRY>Char4</ENTRY>
     <LENGTH>132</LENGTH>
    </item>
    <item>
     <ID>I</ID>
     <KEY>051</KEY>
     <ENTRY>Kommentar</ENTRY>
     <LENGTH>132</LENGTH>
    </item>
    <item>
     <ID>I</ID>
     <KEY>052</KEY>
     <ENTRY>Kommentar</ENTRY>
     <LENGTH>132</LENGTH>
    </item>
    <item>
     <ID>I</ID>
     <KEY>053</KEY>
     <ENTRY>WEBLINK</ENTRY>
     <LENGTH>132</LENGTH>
    </item>
    <item>
     <ID>I</ID>
     <KEY>054</KEY>
     <ENTRY>DESCR</ENTRY>
     <LENGTH>132</LENGTH>
    </item>
    <item>
     <ID>I</ID>
     <KEY>055</KEY>
     <ENTRY>Kommentar</ENTRY>
     <LENGTH>132</LENGTH>
    </item>
    <item>
     <ID>I</ID>
     <KEY>056</KEY>
     <ENTRY>Kommentar</ENTRY>
     <LENGTH>132</LENGTH>
    </item>
    <item>
     <ID>I</ID>
     <KEY>057</KEY>
     <ENTRY>Kommentar</ENTRY>
     <LENGTH>132</LENGTH>
    </item>
    <item>
     <ID>I</ID>
     <KEY>058</KEY>
     <ENTRY>Nicht näher def. Bereich, evtl. für Patchlevels verwendbar</ENTRY>
     <LENGTH>132</LENGTH>
    </item>
    <item>
     <ID>I</ID>
     <KEY>059</KEY>
     <ENTRY>IMGURL</ENTRY>
     <LENGTH>132</LENGTH>
    </item>
    <item>
     <ID>I</ID>
     <KEY>060</KEY>
     <ENTRY>WEBLINK</ENTRY>
     <LENGTH>132</LENGTH>
    </item>
    <item>
     <ID>I</ID>
     <KEY>061</KEY>
     <ENTRY>DESCR</ENTRY>
     <LENGTH>132</LENGTH>
    </item>
    <item>
     <ID>I</ID>
     <KEY>062</KEY>
     <ENTRY>Kommentar</ENTRY>
     <LENGTH>132</LENGTH>
    </item>
    <item>
     <ID>I</ID>
     <KEY>063</KEY>
     <ENTRY>userid</ENTRY>
     <LENGTH>132</LENGTH>
    </item>
    <item>
     <ID>I</ID>
     <KEY>064</KEY>
     <ENTRY>PDFSOURCE</ENTRY>
     <LENGTH>132</LENGTH>
    </item>
    <item>
     <ID>I</ID>
     <KEY>065</KEY>
     <ENTRY>PDFSOURCE</ENTRY>
     <LENGTH>132</LENGTH>
    </item>
    <item>
     <ID>I</ID>
     <KEY>066</KEY>
     <ENTRY>PDFSOURCE</ENTRY>
     <LENGTH>132</LENGTH>
    </item>
    <item>
     <ID>I</ID>
     <KEY>067</KEY>
     <ENTRY>PDFSOURCE</ENTRY>
     <LENGTH>132</LENGTH>
    </item>
    <item>
     <ID>I</ID>
     <KEY>068</KEY>
     <ENTRY>PDFSOURCE</ENTRY>
     <LENGTH>132</LENGTH>
    </item>
    <item>
     <ID>I</ID>
     <KEY>069</KEY>
     <ENTRY>usertype</ENTRY>
     <LENGTH>132</LENGTH>
    </item>
    <item>
     <ID>I</ID>
     <KEY>070</KEY>
     <ENTRY>PDFBINARY</ENTRY>
     <LENGTH>132</LENGTH>
    </item>
    <item>
     <ID>I</ID>
     <KEY>071</KEY>
     <ENTRY>PDFBINARY</ENTRY>
     <LENGTH>132</LENGTH>
    </item>
    <item>
     <ID>I</ID>
     <KEY>072</KEY>
     <ENTRY>PDFBINARY</ENTRY>
     <LENGTH>132</LENGTH>
    </item>
    <item>
     <ID>I</ID>
     <KEY>073</KEY>
     <ENTRY>PDFBINARY</ENTRY>
     <LENGTH>132</LENGTH>
    </item>
    <item>
     <ID>I</ID>
     <KEY>074</KEY>
     <ENTRY>PDFBINARY</ENTRY>
     <LENGTH>132</LENGTH>
    </item>
   </TPOOL>
   <DESCRIPTIONS>
    <SEOCOMPOTX>
     <CLSNAME>/SWIT/CL_STUDI_HUB_MPC</CLSNAME>
     <CMPNAME>DEFINE_ACCOM</CMPNAME>
     <LANGU>D</LANGU>
     <DESCRIPT>DEFINE_ACCOM</DESCRIPT>
    </SEOCOMPOTX>
    <SEOCOMPOTX>
     <CLSNAME>/SWIT/CL_STUDI_HUB_MPC</CLSNAME>
     <CMPNAME>DEFINE_AUTH</CMPNAME>
     <LANGU>D</LANGU>
     <DESCRIPT>DEFINE_AUTH</DESCRIPT>
    </SEOCOMPOTX>
    <SEOCOMPOTX>
     <CLSNAME>/SWIT/CL_STUDI_HUB_MPC</CLSNAME>
     <CMPNAME>DEFINE_CAREER</CMPNAME>
     <LANGU>D</LANGU>
     <DESCRIPT>DEFINE_CAREER</DESCRIPT>
    </SEOCOMPOTX>
    <SEOCOMPOTX>
     <CLSNAME>/SWIT/CL_STUDI_HUB_MPC</CLSNAME>
     <CMPNAME>DEFINE_COMMENT</CMPNAME>
     <LANGU>D</LANGU>
     <DESCRIPT>DEFINE_COMMENT</DESCRIPT>
    </SEOCOMPOTX>
    <SEOCOMPOTX>
     <CLSNAME>/SWIT/CL_STUDI_HUB_MPC</CLSNAME>
     <CMPNAME>DEFINE_EVENT</CMPNAME>
     <LANGU>D</LANGU>
     <DESCRIPT>DEFINE_EVENT</DESCRIPT>
    </SEOCOMPOTX>
    <SEOCOMPOTX>
     <CLSNAME>/SWIT/CL_STUDI_HUB_MPC</CLSNAME>
     <CMPNAME>DEFINE_ICON</CMPNAME>
     <LANGU>D</LANGU>
     <DESCRIPT>DEFINE_ICON</DESCRIPT>
    </SEOCOMPOTX>
    <SEOCOMPOTX>
     <CLSNAME>/SWIT/CL_STUDI_HUB_MPC</CLSNAME>
     <CMPNAME>DEFINE_JOB</CMPNAME>
     <LANGU>D</LANGU>
     <DESCRIPT>DEFINE_JOB</DESCRIPT>
    </SEOCOMPOTX>
    <SEOCOMPOTX>
     <CLSNAME>/SWIT/CL_STUDI_HUB_MPC</CLSNAME>
     <CMPNAME>DEFINE_OFFER</CMPNAME>
     <LANGU>D</LANGU>
     <DESCRIPT>DEFINE_OFFER</DESCRIPT>
    </SEOCOMPOTX>
    <SEOCOMPOTX>
     <CLSNAME>/SWIT/CL_STUDI_HUB_MPC</CLSNAME>
     <CMPNAME>DEFINE_PDF</CMPNAME>
     <LANGU>D</LANGU>
     <DESCRIPT>DEFINE_PDF</DESCRIPT>
    </SEOCOMPOTX>
    <SEOCOMPOTX>
     <CLSNAME>/SWIT/CL_STUDI_HUB_MPC</CLSNAME>
     <CMPNAME>DEFINE_USER</CMPNAME>
     <LANGU>D</LANGU>
     <DESCRIPT>DEFINE_USER</DESCRIPT>
    </SEOCOMPOTX>
    <SEOCOMPOTX>
     <CLSNAME>/SWIT/CL_STUDI_HUB_MPC</CLSNAME>
     <CMPNAME>LOAD_TEXT_ELEMENTS</CMPNAME>
     <LANGU>D</LANGU>
     <DESCRIPT>LOAD_TEXT_ELEMENTS</DESCRIPT>
    </SEOCOMPOTX>
   </DESCRIPTIONS>
  </asx:values>
 </asx:abap>
</abapGit>
