﻿<?xml version="1.0" encoding="utf-8"?>
<abapGit version="v1.0.0" serializer="LCL_OBJECT_CLAS" serializer_version="v1.0.0">
 <asx:abap xmlns:asx="http://www.sap.com/abapxml" version="1.0">
  <asx:values>
   <VSEOCLASS>
    <CLSNAME>/SWIT/CL_STUDI_HUB_DPC</CLSNAME>
    <LANGU>D</LANGU>
    <DESCRIPT>Data-Provider-Basiskl.</DESCRIPT>
    <STATE>1</STATE>
    <CLSCCINCL>X</CLSCCINCL>
    <FIXPT>X</FIXPT>
    <UNICODE>X</UNICODE>
   </VSEOCLASS>
   <DESCRIPTIONS>
    <SEOCOMPOTX>
     <CLSNAME>/SWIT/CL_STUDI_HUB_DPC</CLSNAME>
     <CMPNAME>ACCOMSET_CREATE_ENTITY</CMPNAME>
     <LANGU>D</LANGU>
     <DESCRIPT>Zug. EntitätsmengName:  AccomSet</DESCRIPT>
    </SEOCOMPOTX>
    <SEOCOMPOTX>
     <CLSNAME>/SWIT/CL_STUDI_HUB_DPC</CLSNAME>
     <CMPNAME>ACCOMSET_DELETE_ENTITY</CMPNAME>
     <LANGU>D</LANGU>
     <DESCRIPT>Zug. EntitätsmengName:  AccomSet</DESCRIPT>
    </SEOCOMPOTX>
    <SEOCOMPOTX>
     <CLSNAME>/SWIT/CL_STUDI_HUB_DPC</CLSNAME>
     <CMPNAME>ACCOMSET_GET_ENTITY</CMPNAME>
     <LANGU>D</LANGU>
     <DESCRIPT>Zug. EntitätsmengName:  AccomSet</DESCRIPT>
    </SEOCOMPOTX>
    <SEOCOMPOTX>
     <CLSNAME>/SWIT/CL_STUDI_HUB_DPC</CLSNAME>
     <CMPNAME>ACCOMSET_GET_ENTITYSET</CMPNAME>
     <LANGU>D</LANGU>
     <DESCRIPT>Zug. EntitätsmengName:  AccomSet</DESCRIPT>
    </SEOCOMPOTX>
    <SEOCOMPOTX>
     <CLSNAME>/SWIT/CL_STUDI_HUB_DPC</CLSNAME>
     <CMPNAME>ACCOMSET_UPDATE_ENTITY</CMPNAME>
     <LANGU>D</LANGU>
     <DESCRIPT>Zug. EntitätsmengName:  AccomSet</DESCRIPT>
    </SEOCOMPOTX>
    <SEOCOMPOTX>
     <CLSNAME>/SWIT/CL_STUDI_HUB_DPC</CLSNAME>
     <CMPNAME>AUTHSET_CREATE_ENTITY</CMPNAME>
     <LANGU>D</LANGU>
     <DESCRIPT>Zug. EntitätsmengName:  AuthSet</DESCRIPT>
    </SEOCOMPOTX>
    <SEOCOMPOTX>
     <CLSNAME>/SWIT/CL_STUDI_HUB_DPC</CLSNAME>
     <CMPNAME>AUTHSET_DELETE_ENTITY</CMPNAME>
     <LANGU>D</LANGU>
     <DESCRIPT>Zug. EntitätsmengName:  AuthSet</DESCRIPT>
    </SEOCOMPOTX>
    <SEOCOMPOTX>
     <CLSNAME>/SWIT/CL_STUDI_HUB_DPC</CLSNAME>
     <CMPNAME>AUTHSET_GET_ENTITY</CMPNAME>
     <LANGU>D</LANGU>
     <DESCRIPT>Zug. EntitätsmengName:  AuthSet</DESCRIPT>
    </SEOCOMPOTX>
    <SEOCOMPOTX>
     <CLSNAME>/SWIT/CL_STUDI_HUB_DPC</CLSNAME>
     <CMPNAME>AUTHSET_GET_ENTITYSET</CMPNAME>
     <LANGU>D</LANGU>
     <DESCRIPT>Zug. EntitätsmengName:  AuthSet</DESCRIPT>
    </SEOCOMPOTX>
    <SEOCOMPOTX>
     <CLSNAME>/SWIT/CL_STUDI_HUB_DPC</CLSNAME>
     <CMPNAME>AUTHSET_UPDATE_ENTITY</CMPNAME>
     <LANGU>D</LANGU>
     <DESCRIPT>Zug. EntitätsmengName:  AuthSet</DESCRIPT>
    </SEOCOMPOTX>
    <SEOCOMPOTX>
     <CLSNAME>/SWIT/CL_STUDI_HUB_DPC</CLSNAME>
     <CMPNAME>CAREERSET_CREATE_ENTITY</CMPNAME>
     <LANGU>D</LANGU>
     <DESCRIPT>Zug. EntitätsmengName:  CareerSet</DESCRIPT>
    </SEOCOMPOTX>
    <SEOCOMPOTX>
     <CLSNAME>/SWIT/CL_STUDI_HUB_DPC</CLSNAME>
     <CMPNAME>CAREERSET_DELETE_ENTITY</CMPNAME>
     <LANGU>D</LANGU>
     <DESCRIPT>Zug. EntitätsmengName:  CareerSet</DESCRIPT>
    </SEOCOMPOTX>
    <SEOCOMPOTX>
     <CLSNAME>/SWIT/CL_STUDI_HUB_DPC</CLSNAME>
     <CMPNAME>CAREERSET_GET_ENTITY</CMPNAME>
     <LANGU>D</LANGU>
     <DESCRIPT>Zug. EntitätsmengName:  CareerSet</DESCRIPT>
    </SEOCOMPOTX>
    <SEOCOMPOTX>
     <CLSNAME>/SWIT/CL_STUDI_HUB_DPC</CLSNAME>
     <CMPNAME>CAREERSET_GET_ENTITYSET</CMPNAME>
     <LANGU>D</LANGU>
     <DESCRIPT>Zug. EntitätsmengName:  CareerSet</DESCRIPT>
    </SEOCOMPOTX>
    <SEOCOMPOTX>
     <CLSNAME>/SWIT/CL_STUDI_HUB_DPC</CLSNAME>
     <CMPNAME>CAREERSET_UPDATE_ENTITY</CMPNAME>
     <LANGU>D</LANGU>
     <DESCRIPT>Zug. EntitätsmengName:  CareerSet</DESCRIPT>
    </SEOCOMPOTX>
    <SEOCOMPOTX>
     <CLSNAME>/SWIT/CL_STUDI_HUB_DPC</CLSNAME>
     <CMPNAME>COMMENTSET_CREATE_ENTITY</CMPNAME>
     <LANGU>D</LANGU>
     <DESCRIPT>Zug. EntitätsmengName:  CommentSet</DESCRIPT>
    </SEOCOMPOTX>
    <SEOCOMPOTX>
     <CLSNAME>/SWIT/CL_STUDI_HUB_DPC</CLSNAME>
     <CMPNAME>COMMENTSET_DELETE_ENTITY</CMPNAME>
     <LANGU>D</LANGU>
     <DESCRIPT>Zug. EntitätsmengName:  CommentSet</DESCRIPT>
    </SEOCOMPOTX>
    <SEOCOMPOTX>
     <CLSNAME>/SWIT/CL_STUDI_HUB_DPC</CLSNAME>
     <CMPNAME>COMMENTSET_GET_ENTITY</CMPNAME>
     <LANGU>D</LANGU>
     <DESCRIPT>Zug. EntitätsmengName:  CommentSet</DESCRIPT>
    </SEOCOMPOTX>
    <SEOCOMPOTX>
     <CLSNAME>/SWIT/CL_STUDI_HUB_DPC</CLSNAME>
     <CMPNAME>COMMENTSET_GET_ENTITYSET</CMPNAME>
     <LANGU>D</LANGU>
     <DESCRIPT>Zug. EntitätsmengName:  CommentSet</DESCRIPT>
    </SEOCOMPOTX>
    <SEOCOMPOTX>
     <CLSNAME>/SWIT/CL_STUDI_HUB_DPC</CLSNAME>
     <CMPNAME>COMMENTSET_UPDATE_ENTITY</CMPNAME>
     <LANGU>D</LANGU>
     <DESCRIPT>Zug. EntitätsmengName:  CommentSet</DESCRIPT>
    </SEOCOMPOTX>
    <SEOCOMPOTX>
     <CLSNAME>/SWIT/CL_STUDI_HUB_DPC</CLSNAME>
     <CMPNAME>EVENTSET_CREATE_ENTITY</CMPNAME>
     <LANGU>D</LANGU>
     <DESCRIPT>Zug. EntitätsmengName:  EventSet</DESCRIPT>
    </SEOCOMPOTX>
    <SEOCOMPOTX>
     <CLSNAME>/SWIT/CL_STUDI_HUB_DPC</CLSNAME>
     <CMPNAME>EVENTSET_DELETE_ENTITY</CMPNAME>
     <LANGU>D</LANGU>
     <DESCRIPT>Zug. EntitätsmengName:  EventSet</DESCRIPT>
    </SEOCOMPOTX>
    <SEOCOMPOTX>
     <CLSNAME>/SWIT/CL_STUDI_HUB_DPC</CLSNAME>
     <CMPNAME>EVENTSET_GET_ENTITY</CMPNAME>
     <LANGU>D</LANGU>
     <DESCRIPT>Zug. EntitätsmengName:  EventSet</DESCRIPT>
    </SEOCOMPOTX>
    <SEOCOMPOTX>
     <CLSNAME>/SWIT/CL_STUDI_HUB_DPC</CLSNAME>
     <CMPNAME>EVENTSET_GET_ENTITYSET</CMPNAME>
     <LANGU>D</LANGU>
     <DESCRIPT>Zug. EntitätsmengName:  EventSet</DESCRIPT>
    </SEOCOMPOTX>
    <SEOCOMPOTX>
     <CLSNAME>/SWIT/CL_STUDI_HUB_DPC</CLSNAME>
     <CMPNAME>EVENTSET_UPDATE_ENTITY</CMPNAME>
     <LANGU>D</LANGU>
     <DESCRIPT>Zug. EntitätsmengName:  EventSet</DESCRIPT>
    </SEOCOMPOTX>
    <SEOCOMPOTX>
     <CLSNAME>/SWIT/CL_STUDI_HUB_DPC</CLSNAME>
     <CMPNAME>ICONSET_CREATE_ENTITY</CMPNAME>
     <LANGU>D</LANGU>
     <DESCRIPT>Zug. EntitätsmengName:  IconSet</DESCRIPT>
    </SEOCOMPOTX>
    <SEOCOMPOTX>
     <CLSNAME>/SWIT/CL_STUDI_HUB_DPC</CLSNAME>
     <CMPNAME>ICONSET_DELETE_ENTITY</CMPNAME>
     <LANGU>D</LANGU>
     <DESCRIPT>Zug. EntitätsmengName:  IconSet</DESCRIPT>
    </SEOCOMPOTX>
    <SEOCOMPOTX>
     <CLSNAME>/SWIT/CL_STUDI_HUB_DPC</CLSNAME>
     <CMPNAME>ICONSET_GET_ENTITY</CMPNAME>
     <LANGU>D</LANGU>
     <DESCRIPT>Zug. EntitätsmengName:  IconSet</DESCRIPT>
    </SEOCOMPOTX>
    <SEOCOMPOTX>
     <CLSNAME>/SWIT/CL_STUDI_HUB_DPC</CLSNAME>
     <CMPNAME>ICONSET_GET_ENTITYSET</CMPNAME>
     <LANGU>D</LANGU>
     <DESCRIPT>Zug. EntitätsmengName:  IconSet</DESCRIPT>
    </SEOCOMPOTX>
    <SEOCOMPOTX>
     <CLSNAME>/SWIT/CL_STUDI_HUB_DPC</CLSNAME>
     <CMPNAME>ICONSET_UPDATE_ENTITY</CMPNAME>
     <LANGU>D</LANGU>
     <DESCRIPT>Zug. EntitätsmengName:  IconSet</DESCRIPT>
    </SEOCOMPOTX>
    <SEOCOMPOTX>
     <CLSNAME>/SWIT/CL_STUDI_HUB_DPC</CLSNAME>
     <CMPNAME>JOBSET_CREATE_ENTITY</CMPNAME>
     <LANGU>D</LANGU>
     <DESCRIPT>Zug. EntitätsmengName:  JobSet</DESCRIPT>
    </SEOCOMPOTX>
    <SEOCOMPOTX>
     <CLSNAME>/SWIT/CL_STUDI_HUB_DPC</CLSNAME>
     <CMPNAME>JOBSET_DELETE_ENTITY</CMPNAME>
     <LANGU>D</LANGU>
     <DESCRIPT>Zug. EntitätsmengName:  JobSet</DESCRIPT>
    </SEOCOMPOTX>
    <SEOCOMPOTX>
     <CLSNAME>/SWIT/CL_STUDI_HUB_DPC</CLSNAME>
     <CMPNAME>JOBSET_GET_ENTITY</CMPNAME>
     <LANGU>D</LANGU>
     <DESCRIPT>Zug. EntitätsmengName:  JobSet</DESCRIPT>
    </SEOCOMPOTX>
    <SEOCOMPOTX>
     <CLSNAME>/SWIT/CL_STUDI_HUB_DPC</CLSNAME>
     <CMPNAME>JOBSET_GET_ENTITYSET</CMPNAME>
     <LANGU>D</LANGU>
     <DESCRIPT>Zug. EntitätsmengName:  JobSet</DESCRIPT>
    </SEOCOMPOTX>
    <SEOCOMPOTX>
     <CLSNAME>/SWIT/CL_STUDI_HUB_DPC</CLSNAME>
     <CMPNAME>JOBSET_UPDATE_ENTITY</CMPNAME>
     <LANGU>D</LANGU>
     <DESCRIPT>Zug. EntitätsmengName:  JobSet</DESCRIPT>
    </SEOCOMPOTX>
    <SEOCOMPOTX>
     <CLSNAME>/SWIT/CL_STUDI_HUB_DPC</CLSNAME>
     <CMPNAME>OFFERSET_CREATE_ENTITY</CMPNAME>
     <LANGU>D</LANGU>
     <DESCRIPT>Zug. EntitätsmengName:  OfferSet</DESCRIPT>
    </SEOCOMPOTX>
    <SEOCOMPOTX>
     <CLSNAME>/SWIT/CL_STUDI_HUB_DPC</CLSNAME>
     <CMPNAME>OFFERSET_DELETE_ENTITY</CMPNAME>
     <LANGU>D</LANGU>
     <DESCRIPT>Zug. EntitätsmengName:  OfferSet</DESCRIPT>
    </SEOCOMPOTX>
    <SEOCOMPOTX>
     <CLSNAME>/SWIT/CL_STUDI_HUB_DPC</CLSNAME>
     <CMPNAME>OFFERSET_GET_ENTITY</CMPNAME>
     <LANGU>D</LANGU>
     <DESCRIPT>Zug. EntitätsmengName:  OfferSet</DESCRIPT>
    </SEOCOMPOTX>
    <SEOCOMPOTX>
     <CLSNAME>/SWIT/CL_STUDI_HUB_DPC</CLSNAME>
     <CMPNAME>OFFERSET_GET_ENTITYSET</CMPNAME>
     <LANGU>D</LANGU>
     <DESCRIPT>Zug. EntitätsmengName:  OfferSet</DESCRIPT>
    </SEOCOMPOTX>
    <SEOCOMPOTX>
     <CLSNAME>/SWIT/CL_STUDI_HUB_DPC</CLSNAME>
     <CMPNAME>OFFERSET_UPDATE_ENTITY</CMPNAME>
     <LANGU>D</LANGU>
     <DESCRIPT>Zug. EntitätsmengName:  OfferSet</DESCRIPT>
    </SEOCOMPOTX>
    <SEOCOMPOTX>
     <CLSNAME>/SWIT/CL_STUDI_HUB_DPC</CLSNAME>
     <CMPNAME>PDFSET_CREATE_ENTITY</CMPNAME>
     <LANGU>D</LANGU>
     <DESCRIPT>Zug. EntitätsmengName:  PdfSet</DESCRIPT>
    </SEOCOMPOTX>
    <SEOCOMPOTX>
     <CLSNAME>/SWIT/CL_STUDI_HUB_DPC</CLSNAME>
     <CMPNAME>PDFSET_DELETE_ENTITY</CMPNAME>
     <LANGU>D</LANGU>
     <DESCRIPT>Zug. EntitätsmengName:  PdfSet</DESCRIPT>
    </SEOCOMPOTX>
    <SEOCOMPOTX>
     <CLSNAME>/SWIT/CL_STUDI_HUB_DPC</CLSNAME>
     <CMPNAME>PDFSET_GET_ENTITY</CMPNAME>
     <LANGU>D</LANGU>
     <DESCRIPT>Zug. EntitätsmengName:  PdfSet</DESCRIPT>
    </SEOCOMPOTX>
    <SEOCOMPOTX>
     <CLSNAME>/SWIT/CL_STUDI_HUB_DPC</CLSNAME>
     <CMPNAME>PDFSET_GET_ENTITYSET</CMPNAME>
     <LANGU>D</LANGU>
     <DESCRIPT>Zug. EntitätsmengName:  PdfSet</DESCRIPT>
    </SEOCOMPOTX>
    <SEOCOMPOTX>
     <CLSNAME>/SWIT/CL_STUDI_HUB_DPC</CLSNAME>
     <CMPNAME>PDFSET_UPDATE_ENTITY</CMPNAME>
     <LANGU>D</LANGU>
     <DESCRIPT>Zug. EntitätsmengName:  PdfSet</DESCRIPT>
    </SEOCOMPOTX>
    <SEOCOMPOTX>
     <CLSNAME>/SWIT/CL_STUDI_HUB_DPC</CLSNAME>
     <CMPNAME>USERSET_CREATE_ENTITY</CMPNAME>
     <LANGU>D</LANGU>
     <DESCRIPT>Zug. EntitätsmengName:  UserSet</DESCRIPT>
    </SEOCOMPOTX>
    <SEOCOMPOTX>
     <CLSNAME>/SWIT/CL_STUDI_HUB_DPC</CLSNAME>
     <CMPNAME>USERSET_DELETE_ENTITY</CMPNAME>
     <LANGU>D</LANGU>
     <DESCRIPT>Zug. EntitätsmengName:  UserSet</DESCRIPT>
    </SEOCOMPOTX>
    <SEOCOMPOTX>
     <CLSNAME>/SWIT/CL_STUDI_HUB_DPC</CLSNAME>
     <CMPNAME>USERSET_GET_ENTITY</CMPNAME>
     <LANGU>D</LANGU>
     <DESCRIPT>Zug. EntitätsmengName:  UserSet</DESCRIPT>
    </SEOCOMPOTX>
    <SEOCOMPOTX>
     <CLSNAME>/SWIT/CL_STUDI_HUB_DPC</CLSNAME>
     <CMPNAME>USERSET_GET_ENTITYSET</CMPNAME>
     <LANGU>D</LANGU>
     <DESCRIPT>Zug. EntitätsmengName:  UserSet</DESCRIPT>
    </SEOCOMPOTX>
    <SEOCOMPOTX>
     <CLSNAME>/SWIT/CL_STUDI_HUB_DPC</CLSNAME>
     <CMPNAME>USERSET_UPDATE_ENTITY</CMPNAME>
     <LANGU>D</LANGU>
     <DESCRIPT>Zug. EntitätsmengName:  UserSet</DESCRIPT>
    </SEOCOMPOTX>
   </DESCRIPTIONS>
  </asx:values>
 </asx:abap>
</abapGit>
