{                                                                                                                                                                                                                                                              
	"myUserId": "",                                                                                                                                                                                                                                               
	"myUserType": "",                                                                                                                                                                                                                                             
	"email": "",                                                                                                                                                                                                                                                  
	"password": "",                                                                                                                                                                                                                                               
	"authed": ""                                                                                                                                                                                                                                                  
}                                                                                                                                                                                                                                                              