﻿<?xml version="1.0" encoding="utf-8"?>
<abapGit version="v1.0.0" serializer="LCL_OBJECT_INTF" serializer_version="v1.0.0">
 <asx:abap xmlns:asx="http://www.sap.com/abapxml" version="1.0">
  <asx:values>
   <VSEOINTERF>
    <CLSNAME>/SWIT/IF_DH_FACTORY</CLSNAME>
    <LANGU>D</LANGU>
    <DESCRIPT>Factory Interface for Studihub</DESCRIPT>
    <EXPOSURE>2</EXPOSURE>
    <STATE>1</STATE>
    <UNICODE>X</UNICODE>
   </VSEOINTERF>
   <DESCRIPTIONS>
    <SEOCOMPOTX>
     <CLSNAME>/SWIT/IF_DH_FACTORY</CLSNAME>
     <CMPNAME>MO_INSTANCE</CMPNAME>
     <LANGU>D</LANGU>
     <DESCRIPT>Factory Interface for Studihub</DESCRIPT>
    </SEOCOMPOTX>
    <SEOCOMPOTX>
     <CLSNAME>/SWIT/IF_DH_FACTORY</CLSNAME>
     <CMPNAME>NEW</CMPNAME>
     <LANGU>D</LANGU>
     <DESCRIPT>Gets instance of Klass</DESCRIPT>
    </SEOCOMPOTX>
   </DESCRIPTIONS>
  </asx:values>
 </asx:abap>
</abapGit>
