﻿<?xml version="1.0" encoding="utf-8"?>
<abapGit version="v1.0.0" serializer="LCL_OBJECT_WAPA" serializer_version="v1.0.0">
 <asx:abap xmlns:asx="http://www.sap.com/abapxml" version="1.0">
  <asx:values>
   <ATTRIBUTES>
    <APPLNAME>/SWIT/STUDI_HUB_APP</APPLNAME>
    <APPLCLAS>/UI5/CL_UI5_BSP_APPLICATION</APPLCLAS>
    <APPLEXT>/SWIT/STUDI_HUB_APP</APPLEXT>
    <SECURITY>X</SECURITY>
    <ORIGLANG>D</ORIGLANG>
    <MODIFLANG>D</MODIFLANG>
    <TEXT>StudiHub Main SAPUI5</TEXT>
   </ATTRIBUTES>
   <PAGES>
    <item>
     <ATTRIBUTES>
      <APPLNAME>/SWIT/STUDI_HUB_APP</APPLNAME>
      <PAGEKEY>ASSETS/JS/MAPS/MAPSCLASS.JS</PAGEKEY>
      <PAGENAME>assets/js/maps/MapsClass.js</PAGENAME>
      <PAGETYPE>X</PAGETYPE>
      <LAYOUTLANGU>D</LAYOUTLANGU>
      <VERSION>A</VERSION>
      <LANGU>D</LANGU>
     </ATTRIBUTES>
    </item>
    <item>
     <ATTRIBUTES>
      <APPLNAME>/SWIT/STUDI_HUB_APP</APPLNAME>
      <PAGEKEY>COMPONENT.JS</PAGEKEY>
      <PAGENAME>Component.js</PAGENAME>
      <PAGETYPE>X</PAGETYPE>
      <LAYOUTLANGU>D</LAYOUTLANGU>
      <VERSION>A</VERSION>
      <LANGU>D</LANGU>
     </ATTRIBUTES>
    </item>
    <item>
     <ATTRIBUTES>
      <APPLNAME>/SWIT/STUDI_HUB_APP</APPLNAME>
      <PAGEKEY>CONTROLLER/ACCOMODATION/CREATEACCOMMODATION.CONTROLLER.JS</PAGEKEY>
      <PAGENAME>controller/Accomodation/CreateAccommodation.controller.js</PAGENAME>
      <PAGETYPE>X</PAGETYPE>
      <LAYOUTLANGU>D</LAYOUTLANGU>
      <VERSION>A</VERSION>
      <LANGU>D</LANGU>
     </ATTRIBUTES>
    </item>
    <item>
     <ATTRIBUTES>
      <APPLNAME>/SWIT/STUDI_HUB_APP</APPLNAME>
      <PAGEKEY>CONTROLLER/ACCOMODATION/DETAILACCOMMODATION.CONTROLLER.JS</PAGEKEY>
      <PAGENAME>controller/Accomodation/DetailAccommodation.controller.js</PAGENAME>
      <PAGETYPE>X</PAGETYPE>
      <LAYOUTLANGU>D</LAYOUTLANGU>
      <VERSION>A</VERSION>
      <LANGU>D</LANGU>
     </ATTRIBUTES>
    </item>
    <item>
     <ATTRIBUTES>
      <APPLNAME>/SWIT/STUDI_HUB_APP</APPLNAME>
      <PAGEKEY>CONTROLLER/ACCOMODATION/EDITACCOMMODATION.CONTROLLER.JS</PAGEKEY>
      <PAGENAME>controller/Accomodation/EditAccommodation.controller.js</PAGENAME>
      <PAGETYPE>X</PAGETYPE>
      <LAYOUTLANGU>D</LAYOUTLANGU>
      <VERSION>A</VERSION>
      <LANGU>D</LANGU>
     </ATTRIBUTES>
    </item>
    <item>
     <ATTRIBUTES>
      <APPLNAME>/SWIT/STUDI_HUB_APP</APPLNAME>
      <PAGEKEY>CONTROLLER/ADMIN/ADMINPANEL.CONTROLLER.JS</PAGEKEY>
      <PAGENAME>controller/Admin/AdminPanel.controller.js</PAGENAME>
      <PAGETYPE>X</PAGETYPE>
      <LAYOUTLANGU>D</LAYOUTLANGU>
      <VERSION>A</VERSION>
      <LANGU>D</LANGU>
     </ATTRIBUTES>
    </item>
    <item>
     <ATTRIBUTES>
      <APPLNAME>/SWIT/STUDI_HUB_APP</APPLNAME>
      <PAGEKEY>CONTROLLER/ADMIN/NEWUSER.CONTROLLER.JS</PAGEKEY>
      <PAGENAME>controller/Admin/NewUser.controller.js</PAGENAME>
      <PAGETYPE>X</PAGETYPE>
      <LAYOUTLANGU>D</LAYOUTLANGU>
      <VERSION>A</VERSION>
      <LANGU>D</LANGU>
     </ATTRIBUTES>
    </item>
    <item>
     <ATTRIBUTES>
      <APPLNAME>/SWIT/STUDI_HUB_APP</APPLNAME>
      <PAGEKEY>CONTROLLER/BASE.CONTROLLER.JS</PAGEKEY>
      <PAGENAME>controller/base.controller.js</PAGENAME>
      <PAGETYPE>X</PAGETYPE>
      <LAYOUTLANGU>D</LAYOUTLANGU>
      <VERSION>A</VERSION>
      <LANGU>D</LANGU>
     </ATTRIBUTES>
    </item>
    <item>
     <ATTRIBUTES>
      <APPLNAME>/SWIT/STUDI_HUB_APP</APPLNAME>
      <PAGEKEY>CONTROLLER/CAREER/CREATECAREER.CONTROLLER.JS</PAGEKEY>
      <PAGENAME>controller/Career/CreateCareer.controller.js</PAGENAME>
      <PAGETYPE>X</PAGETYPE>
      <LAYOUTLANGU>D</LAYOUTLANGU>
      <VERSION>A</VERSION>
      <LANGU>D</LANGU>
     </ATTRIBUTES>
    </item>
    <item>
     <ATTRIBUTES>
      <APPLNAME>/SWIT/STUDI_HUB_APP</APPLNAME>
      <PAGEKEY>CONTROLLER/CAREER/DETAILCAREER.CONTROLLER.JS</PAGEKEY>
      <PAGENAME>controller/Career/DetailCareer.controller.js</PAGENAME>
      <PAGETYPE>X</PAGETYPE>
      <LAYOUTLANGU>D</LAYOUTLANGU>
      <VERSION>A</VERSION>
      <LANGU>D</LANGU>
     </ATTRIBUTES>
    </item>
    <item>
     <ATTRIBUTES>
      <APPLNAME>/SWIT/STUDI_HUB_APP</APPLNAME>
      <PAGEKEY>CONTROLLER/CAREER/EDITCAREER.CONTROLLER.JS</PAGEKEY>
      <PAGENAME>controller/Career/EditCareer.controller.js</PAGENAME>
      <PAGETYPE>X</PAGETYPE>
      <LAYOUTLANGU>D</LAYOUTLANGU>
      <VERSION>A</VERSION>
      <LANGU>D</LANGU>
     </ATTRIBUTES>
    </item>
    <item>
     <ATTRIBUTES>
      <APPLNAME>/SWIT/STUDI_HUB_APP</APPLNAME>
      <PAGEKEY>CONTROLLER/EVENT/CREATEEVENT.CONTROLLER.JS</PAGEKEY>
      <PAGENAME>controller/Event/CreateEvent.controller.js</PAGENAME>
      <PAGETYPE>X</PAGETYPE>
      <LAYOUTLANGU>D</LAYOUTLANGU>
      <VERSION>A</VERSION>
      <LANGU>D</LANGU>
     </ATTRIBUTES>
    </item>
    <item>
     <ATTRIBUTES>
      <APPLNAME>/SWIT/STUDI_HUB_APP</APPLNAME>
      <PAGEKEY>CONTROLLER/EVENT/DETAILEVENT.CONTROLLER.JS</PAGEKEY>
      <PAGENAME>controller/Event/DetailEvent.controller.js</PAGENAME>
      <PAGETYPE>X</PAGETYPE>
      <LAYOUTLANGU>D</LAYOUTLANGU>
      <VERSION>A</VERSION>
      <LANGU>D</LANGU>
     </ATTRIBUTES>
    </item>
    <item>
     <ATTRIBUTES>
      <APPLNAME>/SWIT/STUDI_HUB_APP</APPLNAME>
      <PAGEKEY>CONTROLLER/EVENT/EDITEVENT.CONTROLLER.JS</PAGEKEY>
      <PAGENAME>controller/Event/EditEvent.controller.js</PAGENAME>
      <PAGETYPE>X</PAGETYPE>
      <LAYOUTLANGU>D</LAYOUTLANGU>
      <VERSION>A</VERSION>
      <LANGU>D</LANGU>
     </ATTRIBUTES>
    </item>
    <item>
     <ATTRIBUTES>
      <APPLNAME>/SWIT/STUDI_HUB_APP</APPLNAME>
      <PAGEKEY>CONTROLLER/JOB/CREATEJOB.CONTROLLER.JS</PAGEKEY>
      <PAGENAME>controller/Job/CreateJob.controller.js</PAGENAME>
      <PAGETYPE>X</PAGETYPE>
      <LAYOUTLANGU>D</LAYOUTLANGU>
      <VERSION>A</VERSION>
      <LANGU>D</LANGU>
     </ATTRIBUTES>
    </item>
    <item>
     <ATTRIBUTES>
      <APPLNAME>/SWIT/STUDI_HUB_APP</APPLNAME>
      <PAGEKEY>CONTROLLER/JOB/DETAILJOB.CONTROLLER.JS</PAGEKEY>
      <PAGENAME>controller/Job/DetailJob.controller.js</PAGENAME>
      <PAGETYPE>X</PAGETYPE>
      <LAYOUTLANGU>D</LAYOUTLANGU>
      <VERSION>A</VERSION>
      <LANGU>D</LANGU>
     </ATTRIBUTES>
    </item>
    <item>
     <ATTRIBUTES>
      <APPLNAME>/SWIT/STUDI_HUB_APP</APPLNAME>
      <PAGEKEY>CONTROLLER/JOB/EDITJOB.CONTROLLER.JS</PAGEKEY>
      <PAGENAME>controller/Job/EditJob.controller.js</PAGENAME>
      <PAGETYPE>X</PAGETYPE>
      <LAYOUTLANGU>D</LAYOUTLANGU>
      <VERSION>A</VERSION>
      <LANGU>D</LANGU>
     </ATTRIBUTES>
    </item>
    <item>
     <ATTRIBUTES>
      <APPLNAME>/SWIT/STUDI_HUB_APP</APPLNAME>
      <PAGEKEY>CONTROLLER/LOGINVIEW.CONTROLLER.JS</PAGEKEY>
      <PAGENAME>controller/LoginView.controller.js</PAGENAME>
      <PAGETYPE>X</PAGETYPE>
      <LAYOUTLANGU>D</LAYOUTLANGU>
      <VERSION>A</VERSION>
      <LANGU>D</LANGU>
     </ATTRIBUTES>
    </item>
    <item>
     <ATTRIBUTES>
      <APPLNAME>/SWIT/STUDI_HUB_APP</APPLNAME>
      <PAGEKEY>CONTROLLER/MASTER.CONTROLLER.JS</PAGEKEY>
      <PAGENAME>controller/Master.controller.js</PAGENAME>
      <PAGETYPE>X</PAGETYPE>
      <LAYOUTLANGU>D</LAYOUTLANGU>
      <VERSION>A</VERSION>
      <LANGU>D</LANGU>
     </ATTRIBUTES>
    </item>
    <item>
     <ATTRIBUTES>
      <APPLNAME>/SWIT/STUDI_HUB_APP</APPLNAME>
      <PAGEKEY>CONTROLLER/OFFER/CREATEOFFER.CONTROLLER.JS</PAGEKEY>
      <PAGENAME>controller/Offer/CreateOffer.controller.js</PAGENAME>
      <PAGETYPE>X</PAGETYPE>
      <LAYOUTLANGU>D</LAYOUTLANGU>
      <VERSION>A</VERSION>
      <LANGU>D</LANGU>
     </ATTRIBUTES>
    </item>
    <item>
     <ATTRIBUTES>
      <APPLNAME>/SWIT/STUDI_HUB_APP</APPLNAME>
      <PAGEKEY>CONTROLLER/OFFER/DETAILOFFER.CONTROLLER.JS</PAGEKEY>
      <PAGENAME>controller/Offer/DetailOffer.controller.js</PAGENAME>
      <PAGETYPE>X</PAGETYPE>
      <LAYOUTLANGU>D</LAYOUTLANGU>
      <VERSION>A</VERSION>
      <LANGU>D</LANGU>
     </ATTRIBUTES>
    </item>
    <item>
     <ATTRIBUTES>
      <APPLNAME>/SWIT/STUDI_HUB_APP</APPLNAME>
      <PAGEKEY>CONTROLLER/OFFER/EDITOFFER.CONTROLLER.JS</PAGEKEY>
      <PAGENAME>controller/Offer/EditOffer.controller.js</PAGENAME>
      <PAGETYPE>X</PAGETYPE>
      <LAYOUTLANGU>D</LAYOUTLANGU>
      <VERSION>A</VERSION>
      <LANGU>D</LANGU>
     </ATTRIBUTES>
    </item>
    <item>
     <ATTRIBUTES>
      <APPLNAME>/SWIT/STUDI_HUB_APP</APPLNAME>
      <PAGEKEY>CONTROLLER/PROFILE/DETAILPROFILE.CONTROLLER.JS</PAGEKEY>
      <PAGENAME>controller/Profile/DetailProfile.controller.js</PAGENAME>
      <PAGETYPE>X</PAGETYPE>
      <LAYOUTLANGU>D</LAYOUTLANGU>
      <VERSION>A</VERSION>
      <LANGU>D</LANGU>
     </ATTRIBUTES>
    </item>
    <item>
     <ATTRIBUTES>
      <APPLNAME>/SWIT/STUDI_HUB_APP</APPLNAME>
      <PAGEKEY>CONTROLLER/PROFILE/EDITPROFILE.CONTROLLER.JS</PAGEKEY>
      <PAGENAME>controller/Profile/EditProfile.controller.js</PAGENAME>
      <PAGETYPE>X</PAGETYPE>
      <LAYOUTLANGU>D</LAYOUTLANGU>
      <VERSION>A</VERSION>
      <LANGU>D</LANGU>
     </ATTRIBUTES>
    </item>
    <item>
     <ATTRIBUTES>
      <APPLNAME>/SWIT/STUDI_HUB_APP</APPLNAME>
      <PAGEKEY>CONTROLLER/SIGNUP.CONTROLLER.JS</PAGEKEY>
      <PAGENAME>controller/Signup.controller.js</PAGENAME>
      <PAGETYPE>X</PAGETYPE>
      <LAYOUTLANGU>D</LAYOUTLANGU>
      <VERSION>A</VERSION>
      <LANGU>D</LANGU>
     </ATTRIBUTES>
    </item>
    <item>
     <ATTRIBUTES>
      <APPLNAME>/SWIT/STUDI_HUB_APP</APPLNAME>
      <PAGEKEY>CSS/STYLE.CSS</PAGEKEY>
      <PAGENAME>css/style.css</PAGENAME>
      <PAGETYPE>X</PAGETYPE>
      <LAYOUTLANGU>D</LAYOUTLANGU>
      <VERSION>A</VERSION>
      <LANGU>D</LANGU>
     </ATTRIBUTES>
    </item>
    <item>
     <ATTRIBUTES>
      <APPLNAME>/SWIT/STUDI_HUB_APP</APPLNAME>
      <PAGEKEY>I18N/I18N.PROPERTIES</PAGEKEY>
      <PAGENAME>i18n/i18n.properties</PAGENAME>
      <PAGETYPE>X</PAGETYPE>
      <LAYOUTLANGU>D</LAYOUTLANGU>
      <VERSION>A</VERSION>
      <LANGU>D</LANGU>
     </ATTRIBUTES>
    </item>
    <item>
     <ATTRIBUTES>
      <APPLNAME>/SWIT/STUDI_HUB_APP</APPLNAME>
      <PAGEKEY>INDEX.HTML</PAGEKEY>
      <PAGENAME>index.html</PAGENAME>
      <MIMETYPE>text/html</MIMETYPE>
      <IS_START_PAGE>X</IS_START_PAGE>
      <LAYOUTLANGU>D</LAYOUTLANGU>
      <VERSION>A</VERSION>
      <LANGU>D</LANGU>
     </ATTRIBUTES>
    </item>
    <item>
     <ATTRIBUTES>
      <APPLNAME>/SWIT/STUDI_HUB_APP</APPLNAME>
      <PAGEKEY>LOCALSERVICE/METADATA.XML</PAGEKEY>
      <PAGENAME>localService/metadata.xml</PAGENAME>
      <PAGETYPE>X</PAGETYPE>
      <LAYOUTLANGU>D</LAYOUTLANGU>
      <VERSION>A</VERSION>
      <LANGU>D</LANGU>
     </ATTRIBUTES>
    </item>
    <item>
     <ATTRIBUTES>
      <APPLNAME>/SWIT/STUDI_HUB_APP</APPLNAME>
      <PAGEKEY>MANIFEST.JSON</PAGEKEY>
      <PAGENAME>manifest.json</PAGENAME>
      <PAGETYPE>X</PAGETYPE>
      <LAYOUTLANGU>D</LAYOUTLANGU>
      <VERSION>A</VERSION>
      <LANGU>D</LANGU>
     </ATTRIBUTES>
    </item>
    <item>
     <ATTRIBUTES>
      <APPLNAME>/SWIT/STUDI_HUB_APP</APPLNAME>
      <PAGEKEY>MODEL/MODELS.JS</PAGEKEY>
      <PAGENAME>model/models.js</PAGENAME>
      <PAGETYPE>X</PAGETYPE>
      <LAYOUTLANGU>D</LAYOUTLANGU>
      <VERSION>A</VERSION>
      <LANGU>D</LANGU>
     </ATTRIBUTES>
    </item>
    <item>
     <ATTRIBUTES>
      <APPLNAME>/SWIT/STUDI_HUB_APP</APPLNAME>
      <PAGEKEY>MODEL/SESSIONMODEL.JSON</PAGEKEY>
      <PAGENAME>model/SessionModel.json</PAGENAME>
      <PAGETYPE>X</PAGETYPE>
      <LAYOUTLANGU>D</LAYOUTLANGU>
      <VERSION>A</VERSION>
      <LANGU>D</LANGU>
     </ATTRIBUTES>
    </item>
    <item>
     <ATTRIBUTES>
      <APPLNAME>/SWIT/STUDI_HUB_APP</APPLNAME>
      <PAGEKEY>RESOURCES.JSON</PAGEKEY>
      <PAGENAME>resources.json</PAGENAME>
      <PAGETYPE>X</PAGETYPE>
      <LAYOUTLANGU>D</LAYOUTLANGU>
      <VERSION>A</VERSION>
      <LANGU>D</LANGU>
     </ATTRIBUTES>
    </item>
    <item>
     <ATTRIBUTES>
      <APPLNAME>/SWIT/STUDI_HUB_APP</APPLNAME>
      <PAGEKEY>SERVICEBINDING.JS</PAGEKEY>
      <PAGENAME>serviceBinding.js</PAGENAME>
      <PAGETYPE>X</PAGETYPE>
      <LAYOUTLANGU>D</LAYOUTLANGU>
      <VERSION>A</VERSION>
      <LANGU>D</LANGU>
     </ATTRIBUTES>
    </item>
    <item>
     <ATTRIBUTES>
      <APPLNAME>/SWIT/STUDI_HUB_APP</APPLNAME>
      <PAGEKEY>TEST/INTEGRATION/ALLJOURNEYS.JS</PAGEKEY>
      <PAGENAME>test/integration/AllJourneys.js</PAGENAME>
      <PAGETYPE>X</PAGETYPE>
      <LAYOUTLANGU>D</LAYOUTLANGU>
      <VERSION>A</VERSION>
      <LANGU>D</LANGU>
     </ATTRIBUTES>
    </item>
    <item>
     <ATTRIBUTES>
      <APPLNAME>/SWIT/STUDI_HUB_APP</APPLNAME>
      <PAGEKEY>TEST/INTEGRATION/ARRANGEMENTS/STARTUP.JS</PAGEKEY>
      <PAGENAME>test/integration/arrangements/Startup.js</PAGENAME>
      <PAGETYPE>X</PAGETYPE>
      <LAYOUTLANGU>D</LAYOUTLANGU>
      <VERSION>A</VERSION>
      <LANGU>D</LANGU>
     </ATTRIBUTES>
    </item>
    <item>
     <ATTRIBUTES>
      <APPLNAME>/SWIT/STUDI_HUB_APP</APPLNAME>
      <PAGEKEY>TEST/INTEGRATION/NAVIGATIONJOURNEY.JS</PAGEKEY>
      <PAGENAME>test/integration/NavigationJourney.js</PAGENAME>
      <PAGETYPE>X</PAGETYPE>
      <LAYOUTLANGU>D</LAYOUTLANGU>
      <VERSION>A</VERSION>
      <LANGU>D</LANGU>
     </ATTRIBUTES>
    </item>
    <item>
     <ATTRIBUTES>
      <APPLNAME>/SWIT/STUDI_HUB_APP</APPLNAME>
      <PAGEKEY>TEST/INTEGRATION/OPATESTS.QUNIT.HTML</PAGEKEY>
      <PAGENAME>test/integration/opaTests.qunit.html</PAGENAME>
      <PAGETYPE>X</PAGETYPE>
      <LAYOUTLANGU>D</LAYOUTLANGU>
      <VERSION>A</VERSION>
      <LANGU>D</LANGU>
     </ATTRIBUTES>
    </item>
    <item>
     <ATTRIBUTES>
      <APPLNAME>/SWIT/STUDI_HUB_APP</APPLNAME>
      <PAGEKEY>TEST/INTEGRATION/OPATESTS.QUNIT.JS</PAGEKEY>
      <PAGENAME>test/integration/opaTests.qunit.js</PAGENAME>
      <PAGETYPE>X</PAGETYPE>
      <LAYOUTLANGU>D</LAYOUTLANGU>
      <VERSION>A</VERSION>
      <LANGU>D</LANGU>
     </ATTRIBUTES>
    </item>
    <item>
     <ATTRIBUTES>
      <APPLNAME>/SWIT/STUDI_HUB_APP</APPLNAME>
      <PAGEKEY>TEST/INTEGRATION/PAGES/LOGINVIEW.JS</PAGEKEY>
      <PAGENAME>test/integration/pages/LoginView.js</PAGENAME>
      <PAGETYPE>X</PAGETYPE>
      <LAYOUTLANGU>D</LAYOUTLANGU>
      <VERSION>A</VERSION>
      <LANGU>D</LANGU>
     </ATTRIBUTES>
    </item>
    <item>
     <ATTRIBUTES>
      <APPLNAME>/SWIT/STUDI_HUB_APP</APPLNAME>
      <PAGEKEY>TEST/TESTSUITE.QUNIT.HTML</PAGEKEY>
      <PAGENAME>test/testsuite.qunit.html</PAGENAME>
      <PAGETYPE>X</PAGETYPE>
      <LAYOUTLANGU>D</LAYOUTLANGU>
      <VERSION>A</VERSION>
      <LANGU>D</LANGU>
     </ATTRIBUTES>
    </item>
    <item>
     <ATTRIBUTES>
      <APPLNAME>/SWIT/STUDI_HUB_APP</APPLNAME>
      <PAGEKEY>TEST/TESTSUITE.QUNIT.JS</PAGEKEY>
      <PAGENAME>test/testsuite.qunit.js</PAGENAME>
      <PAGETYPE>X</PAGETYPE>
      <LAYOUTLANGU>D</LAYOUTLANGU>
      <VERSION>A</VERSION>
      <LANGU>D</LANGU>
     </ATTRIBUTES>
    </item>
    <item>
     <ATTRIBUTES>
      <APPLNAME>/SWIT/STUDI_HUB_APP</APPLNAME>
      <PAGEKEY>TEST/UNIT/ALLTESTS.JS</PAGEKEY>
      <PAGENAME>test/unit/AllTests.js</PAGENAME>
      <PAGETYPE>X</PAGETYPE>
      <LAYOUTLANGU>D</LAYOUTLANGU>
      <VERSION>A</VERSION>
      <LANGU>D</LANGU>
     </ATTRIBUTES>
    </item>
    <item>
     <ATTRIBUTES>
      <APPLNAME>/SWIT/STUDI_HUB_APP</APPLNAME>
      <PAGEKEY>TEST/UNIT/CONTROLLER/LOGINVIEW.CONTROLLER.JS</PAGEKEY>
      <PAGENAME>test/unit/controller/LoginView.controller.js</PAGENAME>
      <PAGETYPE>X</PAGETYPE>
      <LAYOUTLANGU>D</LAYOUTLANGU>
      <VERSION>A</VERSION>
      <LANGU>D</LANGU>
     </ATTRIBUTES>
    </item>
    <item>
     <ATTRIBUTES>
      <APPLNAME>/SWIT/STUDI_HUB_APP</APPLNAME>
      <PAGEKEY>TEST/UNIT/UNITTESTS.QUNIT.HTML</PAGEKEY>
      <PAGENAME>test/unit/unitTests.qunit.html</PAGENAME>
      <PAGETYPE>X</PAGETYPE>
      <LAYOUTLANGU>D</LAYOUTLANGU>
      <VERSION>A</VERSION>
      <LANGU>D</LANGU>
     </ATTRIBUTES>
    </item>
    <item>
     <ATTRIBUTES>
      <APPLNAME>/SWIT/STUDI_HUB_APP</APPLNAME>
      <PAGEKEY>TEST/UNIT/UNITTESTS.QUNIT.JS</PAGEKEY>
      <PAGENAME>test/unit/unitTests.qunit.js</PAGENAME>
      <PAGETYPE>X</PAGETYPE>
      <LAYOUTLANGU>D</LAYOUTLANGU>
      <VERSION>A</VERSION>
      <LANGU>D</LANGU>
     </ATTRIBUTES>
    </item>
    <item>
     <ATTRIBUTES>
      <APPLNAME>/SWIT/STUDI_HUB_APP</APPLNAME>
      <PAGEKEY>UI508F82450CDF3F862DC74B7320B28EDD6109B8B94</PAGEKEY>
      <PAGENAME>UI508F82450CDF3F862DC74B7320B28EDD6109B8B94</PAGENAME>
      <PAGETYPE>X</PAGETYPE>
      <LAYOUTLANGU>D</LAYOUTLANGU>
      <VERSION>A</VERSION>
      <LANGU>D</LANGU>
     </ATTRIBUTES>
    </item>
    <item>
     <ATTRIBUTES>
      <APPLNAME>/SWIT/STUDI_HUB_APP</APPLNAME>
      <PAGEKEY>UI518C4DC27E2C00178569FC8F2BD10F0671BCE90EC</PAGEKEY>
      <PAGENAME>UI518C4DC27E2C00178569FC8F2BD10F0671BCE90EC</PAGENAME>
      <PAGETYPE>X</PAGETYPE>
      <LAYOUTLANGU>D</LAYOUTLANGU>
      <VERSION>A</VERSION>
      <LANGU>D</LANGU>
     </ATTRIBUTES>
    </item>
    <item>
     <ATTRIBUTES>
      <APPLNAME>/SWIT/STUDI_HUB_APP</APPLNAME>
      <PAGEKEY>UI527267F5474D62E6D21B3897754C2BC39AB97EA98</PAGEKEY>
      <PAGENAME>UI527267F5474D62E6D21B3897754C2BC39AB97EA98</PAGENAME>
      <PAGETYPE>X</PAGETYPE>
      <LAYOUTLANGU>D</LAYOUTLANGU>
      <VERSION>A</VERSION>
      <LANGU>D</LANGU>
     </ATTRIBUTES>
    </item>
    <item>
     <ATTRIBUTES>
      <APPLNAME>/SWIT/STUDI_HUB_APP</APPLNAME>
      <PAGEKEY>UI52768EEB452F61BA8F0F8D4F2703489E00D8476BA</PAGEKEY>
      <PAGENAME>UI52768EEB452F61BA8F0F8D4F2703489E00D8476BA</PAGENAME>
      <PAGETYPE>X</PAGETYPE>
      <LAYOUTLANGU>D</LAYOUTLANGU>
      <VERSION>A</VERSION>
      <LANGU>D</LANGU>
     </ATTRIBUTES>
    </item>
    <item>
     <ATTRIBUTES>
      <APPLNAME>/SWIT/STUDI_HUB_APP</APPLNAME>
      <PAGEKEY>UI537BCB15C8D6C83B03D40EF9E8CBE8894049EC5DF</PAGEKEY>
      <PAGENAME>UI537BCB15C8D6C83B03D40EF9E8CBE8894049EC5DF</PAGENAME>
      <PAGETYPE>X</PAGETYPE>
      <LAYOUTLANGU>D</LAYOUTLANGU>
      <VERSION>A</VERSION>
      <LANGU>D</LANGU>
     </ATTRIBUTES>
    </item>
    <item>
     <ATTRIBUTES>
      <APPLNAME>/SWIT/STUDI_HUB_APP</APPLNAME>
      <PAGEKEY>UI53D27ADEAD15D65D54D6CB3F36DA69DA81ADBCECF</PAGEKEY>
      <PAGENAME>UI53D27ADEAD15D65D54D6CB3F36DA69DA81ADBCECF</PAGENAME>
      <PAGETYPE>X</PAGETYPE>
      <LAYOUTLANGU>D</LAYOUTLANGU>
      <VERSION>A</VERSION>
      <LANGU>D</LANGU>
     </ATTRIBUTES>
    </item>
    <item>
     <ATTRIBUTES>
      <APPLNAME>/SWIT/STUDI_HUB_APP</APPLNAME>
      <PAGEKEY>UI5429D1FCC905A37DCC96B86C417CD8ED860AFEEE5</PAGEKEY>
      <PAGENAME>UI5429D1FCC905A37DCC96B86C417CD8ED860AFEEE5</PAGENAME>
      <PAGETYPE>X</PAGETYPE>
      <LAYOUTLANGU>D</LAYOUTLANGU>
      <VERSION>A</VERSION>
      <LANGU>D</LANGU>
     </ATTRIBUTES>
    </item>
    <item>
     <ATTRIBUTES>
      <APPLNAME>/SWIT/STUDI_HUB_APP</APPLNAME>
      <PAGEKEY>UI546CCB7BA293F78299C9795D5CFCCB84DBB075535</PAGEKEY>
      <PAGENAME>UI546CCB7BA293F78299C9795D5CFCCB84DBB075535</PAGENAME>
      <PAGETYPE>X</PAGETYPE>
      <LAYOUTLANGU>D</LAYOUTLANGU>
      <VERSION>A</VERSION>
      <LANGU>D</LANGU>
     </ATTRIBUTES>
    </item>
    <item>
     <ATTRIBUTES>
      <APPLNAME>/SWIT/STUDI_HUB_APP</APPLNAME>
      <PAGEKEY>UI547FF5D4C30FBAB6A6A1A1F0B2E887DD411DED295</PAGEKEY>
      <PAGENAME>UI547FF5D4C30FBAB6A6A1A1F0B2E887DD411DED295</PAGENAME>
      <PAGETYPE>X</PAGETYPE>
      <LAYOUTLANGU>D</LAYOUTLANGU>
      <VERSION>A</VERSION>
      <LANGU>D</LANGU>
     </ATTRIBUTES>
    </item>
    <item>
     <ATTRIBUTES>
      <APPLNAME>/SWIT/STUDI_HUB_APP</APPLNAME>
      <PAGEKEY>UI549E38B128D8EBCEF6FD9638BBE6DDB631DFA6D3C</PAGEKEY>
      <PAGENAME>UI549E38B128D8EBCEF6FD9638BBE6DDB631DFA6D3C</PAGENAME>
      <PAGETYPE>X</PAGETYPE>
      <LAYOUTLANGU>D</LAYOUTLANGU>
      <VERSION>A</VERSION>
      <LANGU>D</LANGU>
     </ATTRIBUTES>
    </item>
    <item>
     <ATTRIBUTES>
      <APPLNAME>/SWIT/STUDI_HUB_APP</APPLNAME>
      <PAGEKEY>UI55C1D22D769CB2622EDB795ECF0AACAFC876FAE52</PAGEKEY>
      <PAGENAME>UI55C1D22D769CB2622EDB795ECF0AACAFC876FAE52</PAGENAME>
      <PAGETYPE>X</PAGETYPE>
      <LAYOUTLANGU>D</LAYOUTLANGU>
      <VERSION>A</VERSION>
      <LANGU>D</LANGU>
     </ATTRIBUTES>
    </item>
    <item>
     <ATTRIBUTES>
      <APPLNAME>/SWIT/STUDI_HUB_APP</APPLNAME>
      <PAGEKEY>UI55EA81C193C52B757C16DE73DF25FDC168CA09071</PAGEKEY>
      <PAGENAME>UI55EA81C193C52B757C16DE73DF25FDC168CA09071</PAGENAME>
      <PAGETYPE>X</PAGETYPE>
      <LAYOUTLANGU>D</LAYOUTLANGU>
      <VERSION>A</VERSION>
      <LANGU>D</LANGU>
     </ATTRIBUTES>
    </item>
    <item>
     <ATTRIBUTES>
      <APPLNAME>/SWIT/STUDI_HUB_APP</APPLNAME>
      <PAGEKEY>UI565BAAF2F180CB7A9AFBE76618B350A59F2590A22</PAGEKEY>
      <PAGENAME>UI565BAAF2F180CB7A9AFBE76618B350A59F2590A22</PAGENAME>
      <PAGETYPE>X</PAGETYPE>
      <LAYOUTLANGU>D</LAYOUTLANGU>
      <VERSION>A</VERSION>
      <LANGU>D</LANGU>
     </ATTRIBUTES>
    </item>
    <item>
     <ATTRIBUTES>
      <APPLNAME>/SWIT/STUDI_HUB_APP</APPLNAME>
      <PAGEKEY>UI56DF211C1A129239F14A2C10EA481F361D87C2951</PAGEKEY>
      <PAGENAME>UI56DF211C1A129239F14A2C10EA481F361D87C2951</PAGENAME>
      <PAGETYPE>X</PAGETYPE>
      <LAYOUTLANGU>D</LAYOUTLANGU>
      <VERSION>A</VERSION>
      <LANGU>D</LANGU>
     </ATTRIBUTES>
    </item>
    <item>
     <ATTRIBUTES>
      <APPLNAME>/SWIT/STUDI_HUB_APP</APPLNAME>
      <PAGEKEY>UI5875E739B8A00F2A2DE8AD0FD29FBBF79F187CA3E</PAGEKEY>
      <PAGENAME>UI5875E739B8A00F2A2DE8AD0FD29FBBF79F187CA3E</PAGENAME>
      <PAGETYPE>X</PAGETYPE>
      <LAYOUTLANGU>D</LAYOUTLANGU>
      <VERSION>A</VERSION>
      <LANGU>D</LANGU>
     </ATTRIBUTES>
    </item>
    <item>
     <ATTRIBUTES>
      <APPLNAME>/SWIT/STUDI_HUB_APP</APPLNAME>
      <PAGEKEY>UI589FBF959C3EDF3A7E123F5E3AFBB210FE42FBD0A</PAGEKEY>
      <PAGENAME>UI589FBF959C3EDF3A7E123F5E3AFBB210FE42FBD0A</PAGENAME>
      <PAGETYPE>X</PAGETYPE>
      <LAYOUTLANGU>D</LAYOUTLANGU>
      <VERSION>A</VERSION>
      <LANGU>D</LANGU>
     </ATTRIBUTES>
    </item>
    <item>
     <ATTRIBUTES>
      <APPLNAME>/SWIT/STUDI_HUB_APP</APPLNAME>
      <PAGEKEY>UI58E5C86F39D75F5AFC8668B6861983EDC3E807557</PAGEKEY>
      <PAGENAME>UI58E5C86F39D75F5AFC8668B6861983EDC3E807557</PAGENAME>
      <PAGETYPE>X</PAGETYPE>
      <LAYOUTLANGU>D</LAYOUTLANGU>
      <VERSION>A</VERSION>
      <LANGU>D</LANGU>
     </ATTRIBUTES>
    </item>
    <item>
     <ATTRIBUTES>
      <APPLNAME>/SWIT/STUDI_HUB_APP</APPLNAME>
      <PAGEKEY>UI594BC2D2F608F4856395138499EB46022EBEB8CF9</PAGEKEY>
      <PAGENAME>UI594BC2D2F608F4856395138499EB46022EBEB8CF9</PAGENAME>
      <PAGETYPE>X</PAGETYPE>
      <LAYOUTLANGU>D</LAYOUTLANGU>
      <VERSION>A</VERSION>
      <LANGU>D</LANGU>
     </ATTRIBUTES>
    </item>
    <item>
     <ATTRIBUTES>
      <APPLNAME>/SWIT/STUDI_HUB_APP</APPLNAME>
      <PAGEKEY>UI5998D97B267DCF6C31BD1569E8D040163B49B6B1B</PAGEKEY>
      <PAGENAME>UI5998D97B267DCF6C31BD1569E8D040163B49B6B1B</PAGENAME>
      <PAGETYPE>X</PAGETYPE>
      <LAYOUTLANGU>D</LAYOUTLANGU>
      <VERSION>A</VERSION>
      <LANGU>D</LANGU>
     </ATTRIBUTES>
    </item>
    <item>
     <ATTRIBUTES>
      <APPLNAME>/SWIT/STUDI_HUB_APP</APPLNAME>
      <PAGEKEY>UI59AE190D928C736C31511815DE4EDBEB85BE7A80A</PAGEKEY>
      <PAGENAME>UI59AE190D928C736C31511815DE4EDBEB85BE7A80A</PAGENAME>
      <PAGETYPE>X</PAGETYPE>
      <LAYOUTLANGU>D</LAYOUTLANGU>
      <VERSION>A</VERSION>
      <LANGU>D</LANGU>
     </ATTRIBUTES>
    </item>
    <item>
     <ATTRIBUTES>
      <APPLNAME>/SWIT/STUDI_HUB_APP</APPLNAME>
      <PAGEKEY>UI5A8F975298998C8C4C5BA02CD322A891D320070AF</PAGEKEY>
      <PAGENAME>UI5A8F975298998C8C4C5BA02CD322A891D320070AF</PAGENAME>
      <PAGETYPE>X</PAGETYPE>
      <LAYOUTLANGU>D</LAYOUTLANGU>
      <VERSION>A</VERSION>
      <LANGU>D</LANGU>
     </ATTRIBUTES>
    </item>
    <item>
     <ATTRIBUTES>
      <APPLNAME>/SWIT/STUDI_HUB_APP</APPLNAME>
      <PAGEKEY>UI5A9806B711C2562E1B80905580F611917DBCD70CD</PAGEKEY>
      <PAGENAME>UI5A9806B711C2562E1B80905580F611917DBCD70CD</PAGENAME>
      <PAGETYPE>X</PAGETYPE>
      <LAYOUTLANGU>D</LAYOUTLANGU>
      <VERSION>A</VERSION>
      <LANGU>D</LANGU>
     </ATTRIBUTES>
    </item>
    <item>
     <ATTRIBUTES>
      <APPLNAME>/SWIT/STUDI_HUB_APP</APPLNAME>
      <PAGEKEY>UI5AAD4D5A675EF12F9314B435061DF87E301140888</PAGEKEY>
      <PAGENAME>UI5AAD4D5A675EF12F9314B435061DF87E301140888</PAGENAME>
      <PAGETYPE>X</PAGETYPE>
      <LAYOUTLANGU>D</LAYOUTLANGU>
      <VERSION>A</VERSION>
      <LANGU>D</LANGU>
     </ATTRIBUTES>
    </item>
    <item>
     <ATTRIBUTES>
      <APPLNAME>/SWIT/STUDI_HUB_APP</APPLNAME>
      <PAGEKEY>UI5ADEA8C7543AF6B42734BB06D54DE49153179B295</PAGEKEY>
      <PAGENAME>UI5ADEA8C7543AF6B42734BB06D54DE49153179B295</PAGENAME>
      <PAGETYPE>X</PAGETYPE>
      <LAYOUTLANGU>D</LAYOUTLANGU>
      <VERSION>A</VERSION>
      <LANGU>D</LANGU>
     </ATTRIBUTES>
    </item>
    <item>
     <ATTRIBUTES>
      <APPLNAME>/SWIT/STUDI_HUB_APP</APPLNAME>
      <PAGEKEY>UI5B286271A536B86ED651FBB5320BA4B907C4EB39A</PAGEKEY>
      <PAGENAME>UI5B286271A536B86ED651FBB5320BA4B907C4EB39A</PAGENAME>
      <PAGETYPE>X</PAGETYPE>
      <LAYOUTLANGU>D</LAYOUTLANGU>
      <VERSION>A</VERSION>
      <LANGU>D</LANGU>
     </ATTRIBUTES>
    </item>
    <item>
     <ATTRIBUTES>
      <APPLNAME>/SWIT/STUDI_HUB_APP</APPLNAME>
      <PAGEKEY>UI5B2B5D24238268DEF4FA05063EBE5142BBCACE17B</PAGEKEY>
      <PAGENAME>UI5B2B5D24238268DEF4FA05063EBE5142BBCACE17B</PAGENAME>
      <PAGETYPE>X</PAGETYPE>
      <LAYOUTLANGU>D</LAYOUTLANGU>
      <VERSION>A</VERSION>
      <LANGU>D</LANGU>
     </ATTRIBUTES>
    </item>
    <item>
     <ATTRIBUTES>
      <APPLNAME>/SWIT/STUDI_HUB_APP</APPLNAME>
      <PAGEKEY>UI5B4C975FB6EBB03EFC4C8FAE3911209D0E665D552</PAGEKEY>
      <PAGENAME>UI5B4C975FB6EBB03EFC4C8FAE3911209D0E665D552</PAGENAME>
      <PAGETYPE>X</PAGETYPE>
      <LAYOUTLANGU>D</LAYOUTLANGU>
      <VERSION>A</VERSION>
      <LANGU>D</LANGU>
     </ATTRIBUTES>
    </item>
    <item>
     <ATTRIBUTES>
      <APPLNAME>/SWIT/STUDI_HUB_APP</APPLNAME>
      <PAGEKEY>UI5B7DD24E7B02F88069966E496E5BE12706205D554</PAGEKEY>
      <PAGENAME>UI5B7DD24E7B02F88069966E496E5BE12706205D554</PAGENAME>
      <PAGETYPE>X</PAGETYPE>
      <LAYOUTLANGU>D</LAYOUTLANGU>
      <VERSION>A</VERSION>
      <LANGU>D</LANGU>
     </ATTRIBUTES>
    </item>
    <item>
     <ATTRIBUTES>
      <APPLNAME>/SWIT/STUDI_HUB_APP</APPLNAME>
      <PAGEKEY>UI5C1988FC21E729302CE0154DCECD5D701AFF8B551</PAGEKEY>
      <PAGENAME>UI5C1988FC21E729302CE0154DCECD5D701AFF8B551</PAGENAME>
      <PAGETYPE>X</PAGETYPE>
      <LAYOUTLANGU>D</LAYOUTLANGU>
      <VERSION>A</VERSION>
      <LANGU>D</LANGU>
     </ATTRIBUTES>
    </item>
    <item>
     <ATTRIBUTES>
      <APPLNAME>/SWIT/STUDI_HUB_APP</APPLNAME>
      <PAGEKEY>UI5C2890942319D3D1319AE519AE83C76AD12C0C880</PAGEKEY>
      <PAGENAME>UI5C2890942319D3D1319AE519AE83C76AD12C0C880</PAGENAME>
      <PAGETYPE>X</PAGETYPE>
      <LAYOUTLANGU>D</LAYOUTLANGU>
      <VERSION>A</VERSION>
      <LANGU>D</LANGU>
     </ATTRIBUTES>
    </item>
    <item>
     <ATTRIBUTES>
      <APPLNAME>/SWIT/STUDI_HUB_APP</APPLNAME>
      <PAGEKEY>UI5C2A68CA7997CC7B5A8340E6F6C5D6ECB660D363D</PAGEKEY>
      <PAGENAME>UI5C2A68CA7997CC7B5A8340E6F6C5D6ECB660D363D</PAGENAME>
      <PAGETYPE>X</PAGETYPE>
      <LAYOUTLANGU>D</LAYOUTLANGU>
      <VERSION>A</VERSION>
      <LANGU>D</LANGU>
     </ATTRIBUTES>
    </item>
    <item>
     <ATTRIBUTES>
      <APPLNAME>/SWIT/STUDI_HUB_APP</APPLNAME>
      <PAGEKEY>UI5CB143B8C7A9EB054D7C09CC01F186732F052843E</PAGEKEY>
      <PAGENAME>UI5CB143B8C7A9EB054D7C09CC01F186732F052843E</PAGENAME>
      <PAGETYPE>X</PAGETYPE>
      <LAYOUTLANGU>D</LAYOUTLANGU>
      <VERSION>A</VERSION>
      <LANGU>D</LANGU>
     </ATTRIBUTES>
    </item>
    <item>
     <ATTRIBUTES>
      <APPLNAME>/SWIT/STUDI_HUB_APP</APPLNAME>
      <PAGEKEY>UI5CC46E9CF60CF527D4107B55AE7F41EAAACE5C42D</PAGEKEY>
      <PAGENAME>UI5CC46E9CF60CF527D4107B55AE7F41EAAACE5C42D</PAGENAME>
      <PAGETYPE>X</PAGETYPE>
      <LAYOUTLANGU>D</LAYOUTLANGU>
      <VERSION>A</VERSION>
      <LANGU>D</LANGU>
     </ATTRIBUTES>
    </item>
    <item>
     <ATTRIBUTES>
      <APPLNAME>/SWIT/STUDI_HUB_APP</APPLNAME>
      <PAGEKEY>UI5CC96FEF7A86C90C3520B7B7E56E1F3FE4CC59D6A</PAGEKEY>
      <PAGENAME>UI5CC96FEF7A86C90C3520B7B7E56E1F3FE4CC59D6A</PAGENAME>
      <PAGETYPE>X</PAGETYPE>
      <LAYOUTLANGU>D</LAYOUTLANGU>
      <VERSION>A</VERSION>
      <LANGU>D</LANGU>
     </ATTRIBUTES>
    </item>
    <item>
     <ATTRIBUTES>
      <APPLNAME>/SWIT/STUDI_HUB_APP</APPLNAME>
      <PAGEKEY>UI5D0509BCA4761B02D4C560D48F432882FE3618B85</PAGEKEY>
      <PAGENAME>UI5D0509BCA4761B02D4C560D48F432882FE3618B85</PAGENAME>
      <PAGETYPE>X</PAGETYPE>
      <LAYOUTLANGU>D</LAYOUTLANGU>
      <VERSION>A</VERSION>
      <LANGU>D</LANGU>
     </ATTRIBUTES>
    </item>
    <item>
     <ATTRIBUTES>
      <APPLNAME>/SWIT/STUDI_HUB_APP</APPLNAME>
      <PAGEKEY>UI5D3D872099E5E512CBF7792B8AE2A3286B6A31446</PAGEKEY>
      <PAGENAME>UI5D3D872099E5E512CBF7792B8AE2A3286B6A31446</PAGENAME>
      <PAGETYPE>X</PAGETYPE>
      <LAYOUTLANGU>D</LAYOUTLANGU>
      <VERSION>A</VERSION>
      <LANGU>D</LANGU>
     </ATTRIBUTES>
    </item>
    <item>
     <ATTRIBUTES>
      <APPLNAME>/SWIT/STUDI_HUB_APP</APPLNAME>
      <PAGEKEY>UI5D7E4D5C34B8DEA3D939E7B280ABDD7C3B770B906</PAGEKEY>
      <PAGENAME>UI5D7E4D5C34B8DEA3D939E7B280ABDD7C3B770B906</PAGENAME>
      <PAGETYPE>X</PAGETYPE>
      <LAYOUTLANGU>D</LAYOUTLANGU>
      <VERSION>A</VERSION>
      <LANGU>D</LANGU>
     </ATTRIBUTES>
    </item>
    <item>
     <ATTRIBUTES>
      <APPLNAME>/SWIT/STUDI_HUB_APP</APPLNAME>
      <PAGEKEY>UI5D9A0401916AC2384D43FF165D1FCE6FBD2894C2C</PAGEKEY>
      <PAGENAME>UI5D9A0401916AC2384D43FF165D1FCE6FBD2894C2C</PAGENAME>
      <PAGETYPE>X</PAGETYPE>
      <LAYOUTLANGU>D</LAYOUTLANGU>
      <VERSION>A</VERSION>
      <LANGU>D</LANGU>
     </ATTRIBUTES>
    </item>
    <item>
     <ATTRIBUTES>
      <APPLNAME>/SWIT/STUDI_HUB_APP</APPLNAME>
      <PAGEKEY>UI5E2627AB08D333CE8B6944B4D1683860284C70B21</PAGEKEY>
      <PAGENAME>UI5E2627AB08D333CE8B6944B4D1683860284C70B21</PAGENAME>
      <PAGETYPE>X</PAGETYPE>
      <LAYOUTLANGU>D</LAYOUTLANGU>
      <VERSION>A</VERSION>
      <LANGU>D</LANGU>
     </ATTRIBUTES>
    </item>
    <item>
     <ATTRIBUTES>
      <APPLNAME>/SWIT/STUDI_HUB_APP</APPLNAME>
      <PAGEKEY>UI5E63C00F892E980886060A10B1B3A27841D4B3451</PAGEKEY>
      <PAGENAME>UI5E63C00F892E980886060A10B1B3A27841D4B3451</PAGENAME>
      <PAGETYPE>X</PAGETYPE>
      <LAYOUTLANGU>D</LAYOUTLANGU>
      <VERSION>A</VERSION>
      <LANGU>D</LANGU>
     </ATTRIBUTES>
    </item>
    <item>
     <ATTRIBUTES>
      <APPLNAME>/SWIT/STUDI_HUB_APP</APPLNAME>
      <PAGEKEY>UI5E7991078F4A9D05BBE3D643C87BEA355F3456C30</PAGEKEY>
      <PAGENAME>UI5E7991078F4A9D05BBE3D643C87BEA355F3456C30</PAGENAME>
      <PAGETYPE>X</PAGETYPE>
      <LAYOUTLANGU>D</LAYOUTLANGU>
      <VERSION>A</VERSION>
      <LANGU>D</LANGU>
     </ATTRIBUTES>
    </item>
    <item>
     <ATTRIBUTES>
      <APPLNAME>/SWIT/STUDI_HUB_APP</APPLNAME>
      <PAGEKEY>UI5REPOSITORYPATHMAPPING.XML</PAGEKEY>
      <PAGENAME>UI5RepositoryPathMapping.xml</PAGENAME>
      <PAGETYPE>X</PAGETYPE>
      <LAYOUTLANGU>D</LAYOUTLANGU>
      <VERSION>A</VERSION>
      <LANGU>D</LANGU>
     </ATTRIBUTES>
    </item>
    <item>
     <ATTRIBUTES>
      <APPLNAME>/SWIT/STUDI_HUB_APP</APPLNAME>
      <PAGEKEY>VIEW/ACCOMMODATION/CREATEACCOMMODATION.VIEW.XML</PAGEKEY>
      <PAGENAME>view/Accommodation/CreateAccommodation.view.xml</PAGENAME>
      <PAGETYPE>X</PAGETYPE>
      <LAYOUTLANGU>D</LAYOUTLANGU>
      <VERSION>A</VERSION>
      <LANGU>D</LANGU>
     </ATTRIBUTES>
    </item>
    <item>
     <ATTRIBUTES>
      <APPLNAME>/SWIT/STUDI_HUB_APP</APPLNAME>
      <PAGEKEY>VIEW/ACCOMMODATION/DETAILACCOMMODATION.VIEW.XML</PAGEKEY>
      <PAGENAME>view/Accommodation/DetailAccommodation.view.xml</PAGENAME>
      <PAGETYPE>X</PAGETYPE>
      <LAYOUTLANGU>D</LAYOUTLANGU>
      <VERSION>A</VERSION>
      <LANGU>D</LANGU>
     </ATTRIBUTES>
    </item>
    <item>
     <ATTRIBUTES>
      <APPLNAME>/SWIT/STUDI_HUB_APP</APPLNAME>
      <PAGEKEY>VIEW/ACCOMMODATION/EDITACCOMMODATION.VIEW.XML</PAGEKEY>
      <PAGENAME>view/Accommodation/EditAccommodation.view.xml</PAGENAME>
      <PAGETYPE>X</PAGETYPE>
      <LAYOUTLANGU>D</LAYOUTLANGU>
      <VERSION>A</VERSION>
      <LANGU>D</LANGU>
     </ATTRIBUTES>
    </item>
    <item>
     <ATTRIBUTES>
      <APPLNAME>/SWIT/STUDI_HUB_APP</APPLNAME>
      <PAGEKEY>VIEW/ADMIN/ADMINPANEL.VIEW.XML</PAGEKEY>
      <PAGENAME>view/Admin/AdminPanel.view.xml</PAGENAME>
      <PAGETYPE>X</PAGETYPE>
      <LAYOUTLANGU>D</LAYOUTLANGU>
      <VERSION>A</VERSION>
      <LANGU>D</LANGU>
     </ATTRIBUTES>
    </item>
    <item>
     <ATTRIBUTES>
      <APPLNAME>/SWIT/STUDI_HUB_APP</APPLNAME>
      <PAGEKEY>VIEW/ADMIN/NEWUSER.VIEW.XML</PAGEKEY>
      <PAGENAME>view/Admin/NewUser.view.xml</PAGENAME>
      <PAGETYPE>X</PAGETYPE>
      <LAYOUTLANGU>D</LAYOUTLANGU>
      <VERSION>A</VERSION>
      <LANGU>D</LANGU>
     </ATTRIBUTES>
    </item>
    <item>
     <ATTRIBUTES>
      <APPLNAME>/SWIT/STUDI_HUB_APP</APPLNAME>
      <PAGEKEY>VIEW/CAREER/CREATECAREER.VIEW.XML</PAGEKEY>
      <PAGENAME>view/Career/CreateCareer.view.xml</PAGENAME>
      <PAGETYPE>X</PAGETYPE>
      <LAYOUTLANGU>D</LAYOUTLANGU>
      <VERSION>A</VERSION>
      <LANGU>D</LANGU>
     </ATTRIBUTES>
    </item>
    <item>
     <ATTRIBUTES>
      <APPLNAME>/SWIT/STUDI_HUB_APP</APPLNAME>
      <PAGEKEY>VIEW/CAREER/DETAILCAREER.VIEW.XML</PAGEKEY>
      <PAGENAME>view/Career/DetailCareer.view.xml</PAGENAME>
      <PAGETYPE>X</PAGETYPE>
      <LAYOUTLANGU>D</LAYOUTLANGU>
      <VERSION>A</VERSION>
      <LANGU>D</LANGU>
     </ATTRIBUTES>
    </item>
    <item>
     <ATTRIBUTES>
      <APPLNAME>/SWIT/STUDI_HUB_APP</APPLNAME>
      <PAGEKEY>VIEW/CAREER/EDITCAREER.VIEW.XML</PAGEKEY>
      <PAGENAME>view/Career/EditCareer.view.xml</PAGENAME>
      <PAGETYPE>X</PAGETYPE>
      <LAYOUTLANGU>D</LAYOUTLANGU>
      <VERSION>A</VERSION>
      <LANGU>D</LANGU>
     </ATTRIBUTES>
    </item>
    <item>
     <ATTRIBUTES>
      <APPLNAME>/SWIT/STUDI_HUB_APP</APPLNAME>
      <PAGEKEY>VIEW/EVENT/CREATEEVENT.VIEW.XML</PAGEKEY>
      <PAGENAME>view/Event/CreateEvent.view.xml</PAGENAME>
      <PAGETYPE>X</PAGETYPE>
      <LAYOUTLANGU>D</LAYOUTLANGU>
      <VERSION>A</VERSION>
      <LANGU>D</LANGU>
     </ATTRIBUTES>
    </item>
    <item>
     <ATTRIBUTES>
      <APPLNAME>/SWIT/STUDI_HUB_APP</APPLNAME>
      <PAGEKEY>VIEW/EVENT/DETAILEVENT.VIEW.XML</PAGEKEY>
      <PAGENAME>view/Event/DetailEvent.view.xml</PAGENAME>
      <PAGETYPE>X</PAGETYPE>
      <LAYOUTLANGU>D</LAYOUTLANGU>
      <VERSION>A</VERSION>
      <LANGU>D</LANGU>
     </ATTRIBUTES>
    </item>
    <item>
     <ATTRIBUTES>
      <APPLNAME>/SWIT/STUDI_HUB_APP</APPLNAME>
      <PAGEKEY>VIEW/EVENT/EDITEVENT.VIEW.XML</PAGEKEY>
      <PAGENAME>view/Event/EditEvent.view.xml</PAGENAME>
      <PAGETYPE>X</PAGETYPE>
      <LAYOUTLANGU>D</LAYOUTLANGU>
      <VERSION>A</VERSION>
      <LANGU>D</LANGU>
     </ATTRIBUTES>
    </item>
    <item>
     <ATTRIBUTES>
      <APPLNAME>/SWIT/STUDI_HUB_APP</APPLNAME>
      <PAGEKEY>VIEW/FRAGMENTS/CONFIRMSTUDENTSTATUS.FRAGMENT.XML</PAGEKEY>
      <PAGENAME>view/fragments/ConfirmStudentStatus.fragment.xml</PAGENAME>
      <PAGETYPE>X</PAGETYPE>
      <LAYOUTLANGU>D</LAYOUTLANGU>
      <VERSION>A</VERSION>
      <LANGU>D</LANGU>
     </ATTRIBUTES>
    </item>
    <item>
     <ATTRIBUTES>
      <APPLNAME>/SWIT/STUDI_HUB_APP</APPLNAME>
      <PAGEKEY>VIEW/FRAGMENTS/NEWPASSWORD.FRAGMENT.XML</PAGEKEY>
      <PAGENAME>view/fragments/NewPassword.fragment.xml</PAGENAME>
      <PAGETYPE>X</PAGETYPE>
      <LAYOUTLANGU>D</LAYOUTLANGU>
      <VERSION>A</VERSION>
      <LANGU>D</LANGU>
     </ATTRIBUTES>
    </item>
    <item>
     <ATTRIBUTES>
      <APPLNAME>/SWIT/STUDI_HUB_APP</APPLNAME>
      <PAGEKEY>VIEW/JOB/CREATEJOB.VIEW.XML</PAGEKEY>
      <PAGENAME>view/Job/CreateJob.view.xml</PAGENAME>
      <PAGETYPE>X</PAGETYPE>
      <LAYOUTLANGU>D</LAYOUTLANGU>
      <VERSION>A</VERSION>
      <LANGU>D</LANGU>
     </ATTRIBUTES>
    </item>
    <item>
     <ATTRIBUTES>
      <APPLNAME>/SWIT/STUDI_HUB_APP</APPLNAME>
      <PAGEKEY>VIEW/JOB/DETAILJOB.VIEW.XML</PAGEKEY>
      <PAGENAME>view/Job/DetailJob.view.xml</PAGENAME>
      <PAGETYPE>X</PAGETYPE>
      <LAYOUTLANGU>D</LAYOUTLANGU>
      <VERSION>A</VERSION>
      <LANGU>D</LANGU>
     </ATTRIBUTES>
    </item>
    <item>
     <ATTRIBUTES>
      <APPLNAME>/SWIT/STUDI_HUB_APP</APPLNAME>
      <PAGEKEY>VIEW/JOB/EDITJOB.VIEW.XML</PAGEKEY>
      <PAGENAME>view/Job/EditJob.view.xml</PAGENAME>
      <PAGETYPE>X</PAGETYPE>
      <LAYOUTLANGU>D</LAYOUTLANGU>
      <VERSION>A</VERSION>
      <LANGU>D</LANGU>
     </ATTRIBUTES>
    </item>
    <item>
     <ATTRIBUTES>
      <APPLNAME>/SWIT/STUDI_HUB_APP</APPLNAME>
      <PAGEKEY>VIEW/LOGINVIEW.VIEW.XML</PAGEKEY>
      <PAGENAME>view/LoginView.view.xml</PAGENAME>
      <PAGETYPE>X</PAGETYPE>
      <LAYOUTLANGU>D</LAYOUTLANGU>
      <VERSION>A</VERSION>
      <LANGU>D</LANGU>
     </ATTRIBUTES>
    </item>
    <item>
     <ATTRIBUTES>
      <APPLNAME>/SWIT/STUDI_HUB_APP</APPLNAME>
      <PAGEKEY>VIEW/MASTER.VIEW.XML</PAGEKEY>
      <PAGENAME>view/Master.view.xml</PAGENAME>
      <PAGETYPE>X</PAGETYPE>
      <LAYOUTLANGU>D</LAYOUTLANGU>
      <VERSION>A</VERSION>
      <LANGU>D</LANGU>
     </ATTRIBUTES>
    </item>
    <item>
     <ATTRIBUTES>
      <APPLNAME>/SWIT/STUDI_HUB_APP</APPLNAME>
      <PAGEKEY>VIEW/OFFER/CREATEOFFER.VIEW.XML</PAGEKEY>
      <PAGENAME>view/Offer/CreateOffer.view.xml</PAGENAME>
      <PAGETYPE>X</PAGETYPE>
      <LAYOUTLANGU>D</LAYOUTLANGU>
      <VERSION>A</VERSION>
      <LANGU>D</LANGU>
     </ATTRIBUTES>
    </item>
    <item>
     <ATTRIBUTES>
      <APPLNAME>/SWIT/STUDI_HUB_APP</APPLNAME>
      <PAGEKEY>VIEW/OFFER/DETAILOFFER.VIEW.XML</PAGEKEY>
      <PAGENAME>view/Offer/DetailOffer.view.xml</PAGENAME>
      <PAGETYPE>X</PAGETYPE>
      <LAYOUTLANGU>D</LAYOUTLANGU>
      <VERSION>A</VERSION>
      <LANGU>D</LANGU>
     </ATTRIBUTES>
    </item>
    <item>
     <ATTRIBUTES>
      <APPLNAME>/SWIT/STUDI_HUB_APP</APPLNAME>
      <PAGEKEY>VIEW/OFFER/EDITOFFER.VIEW.XML</PAGEKEY>
      <PAGENAME>view/Offer/EditOffer.view.xml</PAGENAME>
      <PAGETYPE>X</PAGETYPE>
      <LAYOUTLANGU>D</LAYOUTLANGU>
      <VERSION>A</VERSION>
      <LANGU>D</LANGU>
     </ATTRIBUTES>
    </item>
    <item>
     <ATTRIBUTES>
      <APPLNAME>/SWIT/STUDI_HUB_APP</APPLNAME>
      <PAGEKEY>VIEW/PROFILE/DETAILPROFILE.VIEW.XML</PAGEKEY>
      <PAGENAME>view/Profile/DetailProfile.view.xml</PAGENAME>
      <PAGETYPE>X</PAGETYPE>
      <LAYOUTLANGU>D</LAYOUTLANGU>
      <VERSION>A</VERSION>
      <LANGU>D</LANGU>
     </ATTRIBUTES>
    </item>
    <item>
     <ATTRIBUTES>
      <APPLNAME>/SWIT/STUDI_HUB_APP</APPLNAME>
      <PAGEKEY>VIEW/PROFILE/EDITPROFILE.VIEW.XML</PAGEKEY>
      <PAGENAME>view/Profile/EditProfile.view.xml</PAGENAME>
      <PAGETYPE>X</PAGETYPE>
      <LAYOUTLANGU>D</LAYOUTLANGU>
      <VERSION>A</VERSION>
      <LANGU>D</LANGU>
     </ATTRIBUTES>
    </item>
    <item>
     <ATTRIBUTES>
      <APPLNAME>/SWIT/STUDI_HUB_APP</APPLNAME>
      <PAGEKEY>VIEW/SIGNUP.VIEW.XML</PAGEKEY>
      <PAGENAME>view/Signup.view.xml</PAGENAME>
      <PAGETYPE>X</PAGETYPE>
      <LAYOUTLANGU>D</LAYOUTLANGU>
      <VERSION>A</VERSION>
      <LANGU>D</LANGU>
     </ATTRIBUTES>
    </item>
   </PAGES>
  </asx:values>
 </asx:abap>
</abapGit>
