﻿<?xml version="1.0" encoding="utf-8"?>
<abapGit version="v1.0.0" serializer="LCL_OBJECT_NROB" serializer_version="v1.0.0">
 <asx:abap xmlns:asx="http://www.sap.com/abapxml" version="1.0">
  <asx:values>
   <ATTRIBUTES>
    <OBJECT>/SWIT/UHUB</OBJECT>
    <DOMLEN>NUMC8</DOMLEN>
    <PERCENTAGE>5.0</PERCENTAGE>
   </ATTRIBUTES>
   <TEXT>
    <LANGU>D</LANGU>
    <OBJECT>/SWIT/UHUB</OBJECT>
    <TXT>Nummernkreis für die User ID StudiHub - Semester 3 DHBW</TXT>
    <TXTSHORT>Num.Kreis SH User</TXTSHORT>
   </TEXT>
  </asx:values>
 </asx:abap>
</abapGit>
