{                                                                                                                                                                                                                                                              
    "resources": [                                                                                                                                                                                                                                             
        {                                                                                                                                                                                                                                                      
            "name": "controller/Accomodation/DetailAccommodation.controller.js"                                                                                                                                                                                
        },                                                                                                                                                                                                                                                     
        {                                                                                                                                                                                                                                                      
            "name": "controller/Event/DetailEvent.controller.js"                                                                                                                                                                                               
        },                                                                                                                                                                                                                                                     
        {                                                                                                                                                                                                                                                      
            "name": "manifest.json"                                                                                                                                                                                                                            
        },                                                                                                                                                                                                                                                     
        {                                                                                                                                                                                                                                                      
            "name": "assets/js/maps/MapsClass.js"                                                                                                                                                                                                              
        },                                                                                                                                                                                                                                                     
        {                                                                                                                                                                                                                                                      
            "name": "controller/Profile/EditProfile.controller.js"                                                                                                                                                                                             
        },                                                                                                                                                                                                                                                     
        {                                                                                                                                                                                                                                                      
            "name": "controller/Profile/DetailProfile.controller.js"                                                                                                                                                                                           
        },                                                                                                                                                                                                                                                     
        {                                                                                                                                                                                                                                                      
            "name": "controller/Offer/EditOffer.controller.js"                                                                                                                                                                                                 
        },                                                                                                                                                                                                                                                     
        {                                                                                                                                                                                                                                                      
            "name": "controller/Offer/DetailOffer.controller.js"                                                                                                                                                                                               
        },                                                                                                                                                                                                                                                     
        {                                                                                                                                                                                                                                                      
            "name": "controller/Offer/CreateOffer.controller.js"                                                                                                                                                                                               
        },                                                                                                                                                                                                                                                     
        {                                                                                                                                                                                                                                                      
            "name": "controller/Job/EditJob.controller.js"                                                                                                                                                                                                     
        },                                                                                                                                                                                                                                                     
        {                                                                                                                                                                                                                                                      
            "name": "controller/Job/DetailJob.controller.js"                                                                                                                                                                                                   
        },                                                                                                                                                                                                                                                     
        {                                                                                                                                                                                                                                                      
            "name": "controller/Job/CreateJob.controller.js"                                                                                                                                                                                                   
        },                                                                                                                                                                                                                                                     
        {                                                                                                                                                                                                                                                      
            "name": "controller/Event/EditEvent.controller.js"                                                                                                                                                                                                 
        },                                                                                                                                                                                                                                                     
        {                                                                                                                                                                                                                                                      
            "name": "model/SessionModel.json"                                                                                                                                                                                                                  
        },                                                                                                                                                                                                                                                     
        {                                                                                                                                                                                                                                                      
            "name": "controller/Event/CreateEvent.controller.js"                                                                                                                                                                                               
        },                                                                                                                                                                                                                                                     
        {                                                                                                                                                                                                                                                      
            "name": "controller/Career/EditCareer.controller.js"                                                                                                                                                                                               
        },                                                                                                                                                                                                                                                     
        {                                                                                                                                                                                                                                                      
            "name": "controller/Career/DetailCareer.controller.js"                                                                                                                                                                                             
        },                                                                                                                                                                                                                                                     
        {                                                                                                                                                                                                                                                      
            "name": "controller/Career/CreateCareer.controller.js"                                                                                                                                                                                             
        },                                                                                                                                                                                                                                                     
        {                                                                                                                                                                                                                                                      
            "name": "controller/Admin/NewUser.controller.js"                                                                                                                                                                                                   
        },                                                                                                                                                                                                                                                     
        {                                                                                                                                                                                                                                                      
            "name": "controller/Admin/AdminPanel.controller.js"                                                                                                                                                                                                
        },                                                                                                                                                                                                                                                     
        {                                                                                                                                                                                                                                                      
            "name": "controller/Accomodation/EditAccommodation.controller.js"                                                                                                                                                                                  
        },                                                                                                                                                                                                                                                     
        {                                                                                                                                                                                                                                                      
            "name": "i18n/i18n.properties",                                                                                                                                                                                                                    
            "raw": "i18n/i18n.properties"                                                                                                                                                                                                                      
        },                                                                                                                                                                                                                                                     
        {                                                                                                                                                                                                                                                      
            "name": "controller/Accomodation/CreateAccommodation.controller.js"                                                                                                                                                                                
        },                                                                                                                                                                                                                                                     
        {                                                                                                                                                                                                                                                      
            "name": "model/models.js"                                                                                                                                                                                                                          
        },                                                                                                                                                                                                                                                     
        {                                                                                                                                                                                                                                                      
            "name": "controller/base.controller.js"                                                                                                                                                                                                            
        },                                                                                                                                                                                                                                                     
        {                                                                                                                                                                                                                                                      
            "name": "controller/Signup.controller.js"                                                                                                                                                                                                          
        },                                                                                                                                                                                                                                                     
        {                                                                                                                                                                                                                                                      
            "name": "controller/Master.controller.js"                                                                                                                                                                                                          
        },                                                                                                                                                                                                                                                     
        {                                                                                                                                                                                                                                                      
            "name": "controller/LoginView.controller.js"                                                                                                                                                                                                       
        },                                                                                                                                                                                                                                                     
        {                                                                                                                                                                                                                                                      
            "name": "serviceBinding.js"                                                                                                                                                                                                                        
        },                                                                                                                                                                                                                                                     
        {                                                                                                                                                                                                                                                      
            "name": "Component.js"                                                                                                                                                                                                                             
        },                                                                                                                                                                                                                                                     
        {                                                                                                                                                                                                                                                      
            "name": "manifest-bundle.zip"                                                                                                                                                                                                                      
        },                                                                                                                                                                                                                                                     
        {                                                                                                                                                                                                                                                      
            "name": "Component-preload.js",                                                                                                                                                                                                                    
            "merged": true                                                                                                                                                                                                                                     
        },                                                                                                                                                                                                                                                     
        {                                                                                                                                                                                                                                                      
            "name": "assets/js/maps/MapsClass-dbg.js",                                                                                                                                                                                                         
            "isDebug": true                                                                                                                                                                                                                                    
        },                                                                                                                                                                                                                                                     
        {                                                                                                                                                                                                                                                      
            "name": "controller/Profile/EditProfile-dbg.controller.js",                                                                                                                                                                                        
            "isDebug": true                                                                                                                                                                                                                                    
        },                                                                                                                                                                                                                                                     
        {                                                                                                                                                                                                                                                      
            "name": "controller/Profile/DetailProfile-dbg.controller.js",                                                                                                                                                                                      
            "isDebug": true                                                                                                                                                                                                                                    
        },                                                                                                                                                                                                                                                     
        {                                                                                                                                                                                                                                                      
            "name": "controller/Offer/EditOffer-dbg.controller.js",                                                                                                                                                                                            
            "isDebug": true                                                                                                                                                                                                                                    
        },                                                                                                                                                                                                                                                     
        {                                                                                                                                                                                                                                                      
            "name": "controller/Offer/DetailOffer-dbg.controller.js",                                                                                                                                                                                          
            "isDebug": true                                                                                                                                                                                                                                    
        },                                                                                                                                                                                                                                                     
        {                                                                                                                                                                                                                                                      
            "name": "controller/Offer/CreateOffer-dbg.controller.js",                                                                                                                                                                                          
            "isDebug": true                                                                                                                                                                                                                                    
        },                                                                                                                                                                                                                                                     
        {                                                                                                                                                                                                                                                      
            "name": "controller/Job/EditJob-dbg.controller.js",                                                                                                                                                                                                
            "isDebug": true                                                                                                                                                                                                                                    
        },                                                                                                                                                                                                                                                     
        {                                                                                                                                                                                                                                                      
            "name": "controller/Job/DetailJob-dbg.controller.js",                                                                                                                                                                                              
            "isDebug": true                                                                                                                                                                                                                                    
        },                                                                                                                                                                                                                                                     
        {                                                                                                                                                                                                                                                      
            "name": "controller/Job/CreateJob-dbg.controller.js",                                                                                                                                                                                              
            "isDebug": true                                                                                                                                                                                                                                    
        },                                                                                                                                                                                                                                                     
        {                                                                                                                                                                                                                                                      
            "name": "controller/Event/EditEvent-dbg.controller.js",                                                                                                                                                                                            
            "isDebug": true                                                                                                                                                                                                                                    
        },                                                                                                                                                                                                                                                     
        {                                                                                                                                                                                                                                                      
            "name": "controller/Event/DetailEvent-dbg.controller.js",                                                                                                                                                                                          
            "isDebug": true                                                                                                                                                                                                                                    
        },                                                                                                                                                                                                                                                     
        {                                                                                                                                                                                                                                                      
            "name": "controller/Event/CreateEvent-dbg.controller.js",                                                                                                                                                                                          
            "isDebug": true                                                                                                                                                                                                                                    
        },                                                                                                                                                                                                                                                     
        {                                                                                                                                                                                                                                                      
            "name": "controller/Career/EditCareer-dbg.controller.js",                                                                                                                                                                                          
            "isDebug": true                                                                                                                                                                                                                                    
        },                                                                                                                                                                                                                                                     
        {                                                                                                                                                                                                                                                      
            "name": "controller/Career/DetailCareer-dbg.controller.js",                                                                                                                                                                                        
            "isDebug": true                                                                                                                                                                                                                                    
        },                                                                                                                                                                                                                                                     
        {                                                                                                                                                                                                                                                      
            "name": "controller/Career/CreateCareer-dbg.controller.js",                                                                                                                                                                                        
            "isDebug": true                                                                                                                                                                                                                                    
        },                                                                                                                                                                                                                                                     
        {                                                                                                                                                                                                                                                      
            "name": "controller/Admin/NewUser-dbg.controller.js",                                                                                                                                                                                              
            "isDebug": true                                                                                                                                                                                                                                    
        },                                                                                                                                                                                                                                                     
        {                                                                                                                                                                                                                                                      
            "name": "controller/Admin/AdminPanel-dbg.controller.js",                                                                                                                                                                                           
            "isDebug": true                                                                                                                                                                                                                                    
        },                                                                                                                                                                                                                                                     
        {                                                                                                                                                                                                                                                      
            "name": "controller/Accomodation/EditAccommodation-dbg.controller.js",                                                                                                                                                                             
            "isDebug": true                                                                                                                                                                                                                                    
        },                                                                                                                                                                                                                                                     
        {                                                                                                                                                                                                                                                      
            "name": "controller/Accomodation/DetailAccommodation-dbg.controller.js",                                                                                                                                                                           
            "isDebug": true                                                                                                                                                                                                                                    
        },                                                                                                                                                                                                                                                     
        {                                                                                                                                                                                                                                                      
            "name": "controller/Accomodation/CreateAccommodation-dbg.controller.js",                                                                                                                                                                           
            "isDebug": true                                                                                                                                                                                                                                    
        },                                                                                                                                                                                                                                                     
        {                                                                                                                                                                                                                                                      
            "name": "model/models-dbg.js",                                                                                                                                                                                                                     
            "isDebug": true                                                                                                                                                                                                                                    
        },                                                                                                                                                                                                                                                     
        {                                                                                                                                                                                                                                                      
            "name": "controller/base-dbg.controller.js",                                                                                                                                                                                                       
            "isDebug": true                                                                                                                                                                                                                                    
        },                                                                                                                                                                                                                                                     
        {                                                                                                                                                                                                                                                      
            "name": "controller/Signup-dbg.controller.js",                                                                                                                                                                                                     
            "isDebug": true                                                                                                                                                                                                                                    
        },                                                                                                                                                                                                                                                     
        {                                                                                                                                                                                                                                                      
            "name": "controller/Master-dbg.controller.js",                                                                                                                                                                                                     
            "isDebug": true                                                                                                                                                                                                                                    
        },                                                                                                                                                                                                                                                     
        {                                                                                                                                                                                                                                                      
            "name": "controller/LoginView-dbg.controller.js",                                                                                                                                                                                                  
            "isDebug": true                                                                                                                                                                                                                                    
        },                                                                                                                                                                                                                                                     
        {                                                                                                                                                                                                                                                      
            "name": "serviceBinding-dbg.js",                                                                                                                                                                                                                   
            "isDebug": true                                                                                                                                                                                                                                    
        },                                                                                                                                                                                                                                                     
        {                                                                                                                                                                                                                                                      
            "name": "Component-dbg.js",                                                                                                                                                                                                                        
            "isDebug": true                                                                                                                                                                                                                                    
        },                                                                                                                                                                                                                                                     
        {                                                                                                                                                                                                                                                      
            "name": "../../sap-ui-version.json"                                                                                                                                                                                                                
        },                                                                                                                                                                                                                                                     
        {                                                                                                                                                                                                                                                      
            "name": "neo-app.json"                                                                                                                                                                                                                             
        },                                                                                                                                                                                                                                                     
        {                                                                                                                                                                                                                                                      
            "name": "di.code-validation.core_issues.json"                                                                                                                                                                                                      
        },                                                                                                                                                                                                                                                     
        {                                                                                                                                                                                                                                                      
            "name": "view/fragments/NewPassword.fragment.xml"                                                                                                                                                                                                  
        },                                                                                                                                                                                                                                                     
        {                                                                                                                                                                                                                                                      
            "name": "view/fragments/ConfirmStudentStatus.fragment.xml"                                                                                                                                                                                         
        },                                                                                                                                                                                                                                                     
        {                                                                                                                                                                                                                                                      
            "name": "view/Profile/EditProfile.view.xml"                                                                                                                                                                                                        
        },                                                                                                                                                                                                                                                     
        {                                                                                                                                                                                                                                                      
            "name": "view/Profile/DetailProfile.view.xml"                                                                                                                                                                                                      
        },                                                                                                                                                                                                                                                     
        {                                                                                                                                                                                                                                                      
            "name": "view/Offer/EditOffer.view.xml"                                                                                                                                                                                                            
        },                                                                                                                                                                                                                                                     
        {                                                                                                                                                                                                                                                      
            "name": "view/Offer/DetailOffer.view.xml"                                                                                                                                                                                                          
        },                                                                                                                                                                                                                                                     
        {                                                                                                                                                                                                                                                      
            "name": "view/Offer/CreateOffer.view.xml"                                                                                                                                                                                                          
        },                                                                                                                                                                                                                                                     
        {                                                                                                                                                                                                                                                      
            "name": "view/Job/EditJob.view.xml"                                                                                                                                                                                                                
        },                                                                                                                                                                                                                                                     
        {                                                                                                                                                                                                                                                      
            "name": "view/Job/DetailJob.view.xml"                                                                                                                                                                                                              
        },                                                                                                                                                                                                                                                     
        {                                                                                                                                                                                                                                                      
            "name": "view/Job/CreateJob.view.xml"                                                                                                                                                                                                              
        },                                                                                                                                                                                                                                                     
        {                                                                                                                                                                                                                                                      
            "name": "view/Event/EditEvent.view.xml"                                                                                                                                                                                                            
        },                                                                                                                                                                                                                                                     
        {                                                                                                                                                                                                                                                      
            "name": "view/Event/DetailEvent.view.xml"                                                                                                                                                                                                          
        },                                                                                                                                                                                                                                                     
        {                                                                                                                                                                                                                                                      
            "name": "view/Event/CreateEvent.view.xml"                                                                                                                                                                                                          
        },                                                                                                                                                                                                                                                     
        {                                                                                                                                                                                                                                                      
            "name": "view/Career/EditCareer.view.xml"                                                                                                                                                                                                          
        },                                                                                                                                                                                                                                                     
        {                                                                                                                                                                                                                                                      
            "name": "view/Career/DetailCareer.view.xml"                                                                                                                                                                                                        
        },                                                                                                                                                                                                                                                     
        {                                                                                                                                                                                                                                                      
            "name": "view/Career/CreateCareer.view.xml"                                                                                                                                                                                                        
        },                                                                                                                                                                                                                                                     
        {                                                                                                                                                                                                                                                      
            "name": "view/Admin/NewUser.view.xml"                                                                                                                                                                                                              
        },                                                                                                                                                                                                                                                     
        {                                                                                                                                                                                                                                                      
            "name": "view/Admin/AdminPanel.view.xml"                                                                                                                                                                                                           
        },                                                                                                                                                                                                                                                     
        {                                                                                                                                                                                                                                                      
            "name": "view/Accommodation/EditAccommodation.view.xml"                                                                                                                                                                                            
        },                                                                                                                                                                                                                                                     
        {                                                                                                                                                                                                                                                      
            "name": "view/Accommodation/DetailAccommodation.view.xml"                                                                                                                                                                                          
        },                                                                                                                                                                                                                                                     
        {                                                                                                                                                                                                                                                      
            "name": "view/Accommodation/CreateAccommodation.view.xml"                                                                                                                                                                                          
        },                                                                                                                                                                                                                                                     
        {                                                                                                                                                                                                                                                      
            "name": "view/Signup.view.xml"                                                                                                                                                                                                                     
        },                                                                                                                                                                                                                                                     
        {                                                                                                                                                                                                                                                      
            "name": "view/Master.view.xml"                                                                                                                                                                                                                     
        },                                                                                                                                                                                                                                                     
        {                                                                                                                                                                                                                                                      
            "name": "view/LoginView.view.xml"                                                                                                                                                                                                                  
        },                                                                                                                                                                                                                                                     
        {                                                                                                                                                                                                                                                      
            "name": "localService/metadata.xml"                                                                                                                                                                                                                
        },                                                                                                                                                                                                                                                     
        {                                                                                                                                                                                                                                                      
            "name": "css/style.css"                                                                                                                                                                                                                            
        },                                                                                                                                                                                                                                                     
        {                                                                                                                                                                                                                                                      
            "name": "index.html"                                                                                                                                                                                                                               
        }                                                                                                                                                                                                                                                      
    ]                                                                                                                                                                                                                                                          
}                                                                                                                                                                                                                                                              