﻿<?xml version="1.0" encoding="utf-8"?>
<abapGit version="v1.0.0" serializer="LCL_OBJECT_SICF" serializer_version="v1.0.0">
 <asx:abap xmlns:asx="http://www.sap.com/abapxml" version="1.0">
  <asx:values>
   <URL>/sap/bc/ui5_ui5/swit/studi_hub_app/</URL>
   <ICFSERVICE>
    <ICF_NAME>STUDI_HUB_APP</ICF_NAME>
    <ORIG_NAME>studi_hub_app</ORIG_NAME>
   </ICFSERVICE>
   <ICFDOCU>
    <ICF_NAME>STUDI_HUB_APP</ICF_NAME>
    <ICF_LANGU>D</ICF_LANGU>
    <ICF_DOCU>StudiHub Main SAPUI5</ICF_DOCU>
   </ICFDOCU>
  </asx:values>
 </asx:abap>
</abapGit>
